,id,_id,ltable_id,rtable_id,ltable_Title,ltable_Authors,ltable_Genres,ltable_Publishing Date,ltable_Pages,ltable_Publisher,ltable_Language,rtable_Title,rtable_Authors,rtable_Genres,rtable_Publishing Date,rtable_Pages,rtable_Publisher,rtable_Language,match
476,80236,80236,382,3511,The Secrets of Sir Richard Kenworthy,Julia Quinn,Romance:Romance Books:Historical Romance:Historical Romance,01 Feb 2015,378,HarperCollins Publishers Inc,English,The Secrets of Sir Richard Kenworthy,Julia Quinn,Romance;Historical Romance;Romance;Historical;Historical;Historical Fiction;Historical;Regency;Historical Romance;Regency Romance,January 27th 2015,378,Avon,,1
162,20986,20986,2673,618,Hidden Star,Nora Roberts,Contemporary Fiction:Adult & Contemporary Romance:Adult & Contemporary Romance,15 Dec 2016,320,HarperCollins Publishers,English,Hidden Riches,Nora Roberts,Romance;Romance;Romantic Suspense;Romance;Contemporary Romance;Contemporary;Fiction;Mystery,July 6th 2004,392,Berkley,English,0
34,3770,3770,366,111,Paradise,Judith McNaught,Romance:Romance Books:Adult & Contemporary Romance:Adult & Contemporary Romance:Historical Romance:Historical Romance,01 Oct 2006,709,Simon & Schuster Ltd,English,Paradise,Judith McNaught,Romance;Romance;Contemporary Romance;Contemporary;Fiction;Romance;Historical Romance,July 1st 2003,709,Pocket Books,English,1
44,5133,5133,2640,150,Big Sky Mountain,Linda Lael Miller,Adult & Contemporary Romance:Adult & Contemporary Romance,31 Jul 2012,378,HarperCollins Publishers,English,Mackenzie's Mountain,Linda Howard,Romance;Romance;Contemporary Romance;Contemporary;Romance;Romantic Suspense;Westerns;Suspense,March 1st 2000,256,Mira Books,English,0
97,12658,12658,1587,328,The Ideal Bride,Stephanie Laurens,Historical Romance:Historical Romance:Historical Fiction,29 Aug 2011,431,HarperCollins Publishers Inc,English,Devil's Bride,Stephanie Laurens,Romance;Historical Romance;Historical;Historical;Regency;Historical;Historical Fiction;Historical Romance;Regency Romance,March 1st 1998,388,Avon,English,0
85,10876,10876,179,296,The Darkest Surrender,Gena Showalter,Fantasy:Fantasy Books:Romance:Romance Books:Adult & Contemporary Romance:Adult & Contemporary Romance,27 Sep 2011,432,HarperCollins Publishers,English,The Darkest Surrender,Gena Showalter,Romance;Paranormal Romance;Fantasy;Paranormal;Romance;Paranormal;Demons;Fantasy,September 27th 2011,426,HQN Books,English,1
61,7347,7347,3069,210,Hearts in Darkness,Laura Kaye,Adult & Contemporary Romance:Adult & Contemporary Romance,31 May 2014,103,Laura Kaye,English,Hearts in Darkness,Laura Kaye;Güneş Demirel,Romance;Romance;Contemporary Romance;Contemporary;Adult Fiction;Erotica;Adult;Novella,April 21st 2011,112,The Wild Rose Press,,1
199,26212,26212,871,817,Sweet Surrender,Maya Banks,Contemporary Fiction:Erotic Fiction:Romance:Romance Books:Adult & Contemporary Romance:Adult & Contemporary Romance,07 Feb 2013,314,Penguin Putnam Inc,English,Sweet Surrender,Maya Banks,Adult Fiction;Erotica;Romance;Erotica;Bdsm;Romance;Erotic Romance;Romance;Contemporary Romance,March 4th 2008,344,Berkley Heat,English,1
268,35252,35252,1515,1161,Voyager,Diana Gabaldon,Contemporary Fiction:Fantasy:Fantasy Books:Romance:Romance Books,07 Aug 2001,912,Bantam Doubleday Dell Publishing Group Inc,English,Voyager,Diana Gabaldon,Historical;Historical Fiction;Romance;Fantasy;Fiction;Science Fiction;Time Travel;Historical;Romance;Historical Romance;Adult;Cultural;Scotland;Adventure,August 7th 2001,870,Delta,English,1
218,30551,30551,1119,977,Blaze of Memory : Book 7,Nalini Singh,Fantasy:Fantasy Books:Romance:Romance Books,12 May 2011,400,Orion Publishing Co,English,Blaze of Memory,Nalini Singh;Angela Dawe,Romance;Paranormal Romance;Fantasy;Paranormal;Romance;Fantasy;Paranormal;Shapeshifters;Fantasy;Urban Fantasy,November 3rd 2009,373,Berkley,,1
73,8962,8962,613,250,Kiss of Snow,Nalini Singh,Contemporary Fiction:Horror:Horror:Romance:Romance Books:Adult & Contemporary Romance:Adult & Contemporary Romance,01 Nov 2011,448,Penguin Putnam Inc,English,Kiss of Snow,Nalini Singh,Romance;Fantasy;Paranormal;Romance;Paranormal Romance;Fantasy;Fantasy;Urban Fantasy;Paranormal;Shapeshifters;Science Fiction,May 31st 2011,432,Gollancz,English,1
35,3943,3943,3628,116,Threesomes : When One Lover is Not Enough,Miranda Forbes:Sommer Marsden:Thomas S. Roche:Lana Fox:Malin James:Josephine Myles:Emma Richardson:Darla White:Elizabeth Coldwell:Kay Jaybee,Erotic Fiction,06 Jun 2011,208,Accent Press Ltd,English,Kissed by an Angel/The Power of Love/Soulmates,Elizabeth Chandler,Young Adult;Romance;Paranormal;Angels;Fantasy;Paranormal;Fantasy,December 16th 2008,704,Simon Pulse,,0
303,41192,41192,2404,1447,Something About Emmaline,Elizabeth Boyle,Historical Romance:Historical Romance,29 Aug 2011,384,HarperCollins Publishers Inc,English,Something; Maybe,Elizabeth Scott,Young Adult;Romance;Contemporary;Womens Fiction;Chick Lit;Fiction,March 24th 2009,217,Simon Pulse,English,0
29,2914,2914,164,91,The Darkest Seduction,Gena Showalter,Fantasy:Fantasy Books:Romance:Romance Books,21 Feb 2012,384,Harlequin (UK),English,The Darkest Night,Gena Showalter,Romance;Paranormal Romance;Fantasy;Paranormal;Romance;Fantasy;Paranormal;Demons,May 3rd 2008,379,Harlequin,English,0
361,55646,55646,1833,2263,The Taming of Ryder Cavanaugh : Number 5 in series,Stephanie Laurens,Romance:Romance Books:Historical Romance:Historical Romance:Historical Fiction,25 Jun 2013,448,Little Brown Book Group,English,A Tale of Struggle; Success; and Love (Erotic Spanking stories #1),Stephanie Rose,,March 4th 2015,None,Darkness series,None,0
392,66380,66380,1577,2863,Duchess in Love,Eloisa James,Historical Romance:Historical Romance,08 Jul 2011,400,HarperCollins Publishers Inc,English,My American Duchess,Eloisa James;Kate Reading,Romance;Romance;Historical Romance;Historical;Historical;Historical Fiction;Historical;Regency;Fiction,January 26th 2016,12,HarperAudio,English,0
443,73096,73096,1636,3187,Taming of the Duke,Eloise James,Historical Romance:Historical Romance,11 Jul 2011,394,HarperCollins Publishers Inc,English,The Taming of the Duke,Eloisa James,Romance;Historical Romance;Romance;Historical;Historical;Regency;Historical;Historical Fiction;Historical Romance;Regency Romance,March 28th 2006,392,Avon,English,1
217,30488,30488,1607,975,To Sir Phillip With Love : Number 5 in series,Julia Quinn,Historical Romance:Historical Romance:Historical Fiction,01 Nov 2006,384,Little Brown Book Group,English,To Sir Phillip; With Love,Julia Quinn,Romance;Historical Romance;Romance;Historical;Historical;Historical Fiction;Historical;Regency,August 25th 2009,372,Avon,English,1
27,2909,2909,3051,90,Bridget Jones's Baby : The Diaries,Helen Fielding,Contemporary Fiction:Adult & Contemporary Romance:Adult & Contemporary Romance:Funny Books & Stories,01 Jun 2017,240,Vintage Publishing,English,Bridget Jones's Diary,Helen Fielding,Womens Fiction;Chick Lit;Fiction;Romance;Humor;Contemporary,June 1st 1999,288,Penguin Books,English,0
399,66639,66639,3550,2869,Beautiful player : Un Seductor Irresistible / an Irresistible Seducer,Christina Lauren,Erotic Fiction:Romance:Romance Books,03 Jun 2014,400,DEBOLSILLO,Spanish,Beautiful Torment,Paige Laurens,Romance;New Adult,February 23rd 2015,216,,,0
380,63037,63037,1073,2680,Taken by Midnight : A Midnight Breed Novel,Lara Adrian,Horror:Horror:Romance:Romance Books,28 Sep 2010,400,Random House USA Inc,English,Once Upon a Midnight,Nora Roberts;Jill Gregory;Ruth Ryan Langan;Marianne Willman,Romance;Anthologies;Romance;Paranormal Romance;Fiction,September 30th 2003,407,Jove Books,English,0
156,20590,20590,1350,598,Archangel's Enigma : Book 8,Nalini Singh,Fantasy:Fantasy Books:Romance:Romance Books,05 Nov 2015,384,Orion Publishing Co,English,Archangel's Kiss,Nalini Singh,Fantasy;Paranormal;Romance;Paranormal Romance;Fantasy;Urban Fantasy;Paranormal;Angels;Romance;Fantasy;Paranormal;Vampires,February 2nd 2010,323,Berkley Sensation,,0
429,70452,70452,1808,3063,The Secret Mistress : Mistress Couplet: Prequel,Mary Balogh,Historical Romance:Historical Romance:Historical Fiction,04 Aug 2011,368,Little Brown Book Group,English,More Than a Mistress,Mary Balogh,Romance;Romance;Historical Romance;Historical;Historical;Regency;Historical;Historical Fiction;Historical Romance;Regency Romance,February 28th 2006,384,Dell,English,0
345,47858,47858,3535,1750,Razer's Ride,Jamie Begley,Erotic Fiction,10 Jun 2013,228,Young Ink Press LLC,English,Razer's Ride,Jamie Begley,Romance;Adult Fiction;Erotica,June 8th 2013,229,Young Ink Press; LLC,,1
138,17714,17714,3357,500,Beautiful Bastard. Un tipo odioso: Serie Beautiful Bastard 1,Christina Lauren,Erotic Fiction:Romance:Romance Books,03 Jun 2014,272,DEBOLSILLO,Spanish,Beautiful Stranger,Christina Lauren,Romance;Adult Fiction;Erotica;Contemporary;Romance;Contemporary Romance;Adult;New Adult,April 16th 2013,345,Gallery Books,English,0
212,29427,29427,1684,927,A Night to Surrender,Tessa Dare,Contemporary Fiction:Historical Romance:Historical Romance,30 Aug 2011,400,HarperCollins Publishers Inc,English,A Night to Surrender,Tessa Dare,Romance;Historical Romance;Romance;Historical;Historical;Historical Fiction;Historical;Regency,August 30th 2011,372,Avon,English,1
104,13794,13794,620,365,Losing Hope,Colleen Hoover,Contemporary Fiction:Romance:Romance Books:Adult & Contemporary Romance:Adult & Contemporary Romance,08 Oct 2013,321,SIMON & SCHUSTER,English,Losing Hope,Colleen Hoover,Romance;New Adult;Young Adult;Contemporary,July 8th 2013,321,Atria Books,,1
350,49926,49926,680,1880,Lost For Words : If you loved THE KEEPER OF LOST THINGS you'll love this,Stephanie Butland,Contemporary Fiction:Romance:Romance Books:Adult & Contemporary Romance:Adult & Contemporary Romance,20 Apr 2017,368,Zaffre Publishing,English,Tempting Love: Haley & Eddie,Melanie Shawn,Romance;Romance;Contemporary Romance;Contemporary,April 2nd 2014,250,Red Hot Reads Publishing,,0
346,47896,47896,3201,1752,Nauti Boy,Lora Leigh,Erotic Fiction:Romance:Romance Books,24 Apr 2008,294,Penguin Putnam Inc,English,Nauti Nights,Lora Leigh,Romance;Adult Fiction;Erotica;Romance;Erotic Romance;Romance;Contemporary Romance;Contemporary;Romance;Romantic Suspense,November 1st 2007,344,Berkley HEAT,English,0
351,51176,51176,3621,1958,A Darker Place : A Novel,Laurie R. King,Contemporary Fiction:Crime:Crime Fiction:Thriller Books:Thrillers:Adventure Books,01 Jan 2000,477,Bantam Doubleday Dell Publishing Group Inc,English,Darker Shades of Obsession,J.R.  King,Dark;Adult Fiction;Erotica;Erotica;Bdsm;Romance;Erotic Romance,December 31st 2014,674,Amazon Digital Services,,0
215,29736,29736,1446,937,The Key Trilogy : Key of Light/Key of Knowledge/Key of Valor,Nora Roberts,Romance:Romance Books:Adult & Contemporary Romance:Adult & Contemporary Romance,30 Oct 2013,None,Penguin Putnam Inc,English,Irish trilogy collection,Nora Roberts;Patricia Daniels,Romance;Romance;Contemporary Romance;Fiction,June 10th 2003,None,Brilliance Audio,English,0
385,64237,64237,3529,2734,Knight and Play,Kitty French,Erotic Fiction,26 Sep 2013,224,Createspace,English,Knight & Stay,Kitty French,Romance;Adult Fiction;Erotica;Erotica;Bdsm;Romance;Contemporary Romance;Contemporary,May 4th 2013,220,,,0
189,24077,24077,1042,735,Heart of the Sea,Nora Roberts,Contemporary Fiction:Horror:Horror:Romance:Romance Books,05 Dec 2000,384,Penguin Putnam Inc,English,The Heart of Devin MacKade,Nora Roberts,Romance;Romance;Contemporary Romance;Contemporary;Fiction,June 20th 2011,158,Silhouette Desire,English,0
214,29694,29694,2994,937,Key of Light : Key Trilogy,Nora Roberts,Romance:Romance Books:Adult & Contemporary Romance:Adult & Contemporary Romance,30 Nov 2003,352,Berkley Books,English,Irish trilogy collection,Nora Roberts;Patricia Daniels,Romance;Romance;Contemporary Romance;Fiction,June 10th 2003,None,Brilliance Audio,English,0
204,27304,27304,2817,860,Shopaholic Ties The Knot : (Shopaholic Book 3),Sophie Kinsella,Contemporary Fiction:Romance:Romance Books:Adult & Contemporary Romance:Adult & Contemporary Romance,02 Jan 2006,400,Transworld Publishers Ltd,English,Confessions of a Shopaholic,Sophie Kinsella,Womens Fiction;Chick Lit;Humor;Funny;Adult Fiction;Romance;Contemporary Romance;Humor;Comedy;Humor;Romance;Young Adult;European Literature;British Literature;Novels,November 4th 2003,368,Dell Publishing Company,English,0
234,32319,32319,1847,1048,Because of Miss Bridgerton,Julia Quinn,Historical Romance:Historical Romance:Historical Fiction,01 Apr 2016,384,Little Brown Book Group,English,The Bridgertons: Happily Ever After,Julia Quinn,Romance;Historical Romance;Romance;Historical;Historical;Regency;Historical;Historical Fiction,April 2nd 2013,374,HarperCollins,English,0
259,34328,34328,1718,1130,Desperate Duchesses,Eloisa James,Historical Romance:Historical Romance,08 Jul 2011,384,HarperCollins Publishers Inc,English,This Duchess of Mine,Eloisa James,Romance;Historical Romance;Romance;Historical;Historical;Historical Fiction;Historical;Regency,May 26th 2009,370,Avon,English,0
67,7919,7919,1338,223,Dark Predator,Christine Feehan,Fantasy:Fantasy Books:Romance:Romance Books,25 Sep 2012,442,Penguin Putnam Inc,English,Dark Prince,Christine Feehan,Romance;Paranormal Romance;Romance;Fantasy;Paranormal;Paranormal;Vampires;Fantasy,April 5th 2005,447,Leisure Books,English,0
24,2548,2548,1373,79,Practice Makes Perfect,Julie James,Contemporary Fiction:Adult & Contemporary Romance:Adult & Contemporary Romance,22 Jul 2011,291,Penguin Putnam Inc,English,Practice Makes Perfect,Julie James,Romance;Romance;Contemporary Romance;Contemporary;Womens Fiction;Chick Lit;Adult;Humor;Funny,March 3rd 2009,291,Berkley Sensation,English,1
216,29908,29908,190,947,Once Burned : A Night Prince Novel,Jeaniene Frost,Contemporary Fiction:Fantasy:Fantasy Books:Romance:Romance Books,05 Jul 2012,384,HarperCollins Publishers Inc,English,Once Burned,Jeaniene Frost,Fantasy;Paranormal;Paranormal;Vampires;Romance;Paranormal Romance;Romance;Fantasy;Urban Fantasy;Fantasy,June 26th 2012,346,Avon,English,1
223,31847,31847,3067,1029,The Redhead Revealed,Alice Clayton,Contemporary Fiction:Romance:Romance Books:Adult & Contemporary Romance:Adult & Contemporary Romance,07 Nov 2013,320,SIMON & SCHUSTER,English,The Redhead Revealed,Alice Clayton,Romance;Romance;Contemporary Romance;Humor;Funny;Womens Fiction;Chick Lit;Contemporary;Adult,September 28th 2010,228,,English,1
129,16141,16141,204,442,Maybe Someday,Colleen Hoover,Contemporary Fiction:Romance:Romance Books:Adult & Contemporary Romance:Adult & Contemporary Romance,18 Mar 2014,384,Simon & Schuster Ltd,English,Maybe Someday,Colleen Hoover,Romance;New Adult;Contemporary;Young Adult;Romance;Contemporary Romance,March 18th 2014,385,Atria Books,,1
111,15553,15553,3253,424,Poughkeepsie,Debra Anastasia,Contemporary Fiction:Erotic Fiction:Romance:Romance Books:Adult & Contemporary Romance:Adult & Contemporary Romance,25 Mar 2014,372,Omnific Publishing,English,Poughkeepsie,Debra Anastasia,Romance;Romance;Contemporary Romance;Contemporary;Did Not Finish;New Adult,November 22nd 2011,372,Omnific Publishing,,1
166,21679,21679,3476,636,Fueled,K. Bromberg,Contemporary Fiction:Erotic Fiction:Romance:Romance Books:Adult & Contemporary Romance:Adult & Contemporary Romance,22 Sep 2016,352,Diversion Books,English,Fueled,K. Bromberg,Romance;Romance;Contemporary Romance;Adult Fiction;Erotica;Sports and Games;Sports,August 27th 2013,356,JKB Publishing,,1
417,68696,68696,2423,2974,Beautiful Boss,Christina Lauren,Contemporary Fiction:Adult & Contemporary Romance:Adult & Contemporary Romance,01 Mar 2016,144,SIMON & SCHUSTER,English,Beautiful Beginning,Christina Lauren,New Adult;Humor;Funny;Romance;Erotic Romance;Adult Fiction;Erotica;Humor,November 19th 2013,208,Pocket Star,,0
394,66567,66567,189,2869,Beautiful Stranger,Christina Lauren,Contemporary Fiction:Romance:Romance Books:Adult & Contemporary Romance:Adult & Contemporary Romance,06 Jun 2013,352,SIMON & SCHUSTER,English,Beautiful Torment,Paige Laurens,Romance;New Adult,February 23rd 2015,216,,,0
40,4865,4865,1443,139,Perfect,Judith McNaught,Romance:Romance Books:Adult & Contemporary Romance:Adult & Contemporary Romance,26 Jun 2017,677,Simon & Schuster Ltd,English,Perfect,Judith McNaught,Romance;Romance;Contemporary Romance;Contemporary;Fiction;Romance;Historical Romance,December 1st 2002,704,Pocket Books,English,1
274,35872,35872,1105,1177,Dark Side of the Moon,Sherrilyn Kenyon,Contemporary Fiction:Romance:Romance Books,07 Aug 2009,384,St Martin's Press,English,Dark Side of the Moon,Sherrilyn Kenyon,Romance;Paranormal Romance;Fantasy;Paranormal;Fantasy;Paranormal;Vampires;Romance;Fantasy;Urban Fantasy,November 28th 2006,353,St. Martin's Press,English,1
357,54491,54491,3638,2191,Letters to Penthouse: Letters To Penthouse Xxxv Naughty Pleasure Parties Exposed XXXV,Editors of Penthouse,Erotic Fiction,01 Sep 2009,304,Little Brown & Company,English,Stately Pleasures,Lucy Felthouse,Adult Fiction;Erotica;Erotica;Menage;Erotica;Bdsm;Romance;Romance;Erotic Romance,January 16th 2014,200,Xcite Books,None,0
79,10388,10388,1127,284,Safe Haven,Nicholas Sparks,Contemporary Fiction:Romance:Romance Books,26 Jun 2012,405,Time Warner Trade Publishing,English,Safe Haven,Nicholas Sparks,Romance;Fiction;Womens Fiction;Chick Lit;Contemporary,September 14th 2010,340,Grand Central Publishing,English,1
313,42971,42971,922,1530,Since I Saw You (Because You Are Mine Series #4),Beth Kery,Contemporary Fiction:Erotic Fiction:Romance:Romance Books:Adult & Contemporary Romance:Adult & Contemporary Romance,05 Jun 2014,352,Headline Publishing Group,English,Because You Are Mine: The Complete Novel,Beth Kery,Romance;Adult Fiction;Erotica;Erotica;Bdsm;Romance;Contemporary Romance;Romance;Erotic Romance;Contemporary,March 5th 2013,368,Berkley,,0
315,43283,43283,2033,1561,Angel Creek,Linda Howard,Contemporary Fiction:Romance:Romance Books:Historical Romance:Historical Romance,01 Jan 1998,352,SIMON & SCHUSTER,English,The Man from Stone Creek,Linda Lael Miller,Westerns;Romance;Historical Romance;Historical;Romance;Western Romance;Romance;Fiction,June 1st 2006,331,Harlequin Books,,0
13,1340,1340,2428,41,Kiss an Angel,Susan Elizabeth Phillips,Romance:Romance Books:Adult & Contemporary Romance:Adult & Contemporary Romance,08 Jul 2011,373,HarperCollins Publishers Inc,English,Kiss an Angel,Susan Elizabeth Phillips,Romance;Romance;Contemporary Romance;Contemporary;Womens Fiction;Chick Lit;Humor;Funny;Adult,February 1st 1996,384,Avon,English,1
287,38447,38447,915,1332,Knight Takes Queen,C. C. Gibbs,Erotic Fiction,04 Dec 2013,432,Quercus Publishing,English,Knight's Game,C.C. Gibbs,Romance;Adult Fiction;Erotica;Erotica;Bdsm;Contemporary;Romance;Contemporary Romance,June 20th 2013,364,Quercus,,0
409,68215,68215,3480,2944,Beautiful Stranger. Un desconocido encantador,Christina Lauren:Concepción Rodríguez González,Erotic Fiction:Romance:Romance Books,03 Jun 2014,304,DEBOLSILLO,Spanish,Beautiful Dream,Paige Laurens,New Adult;Romance,November 27th 2015,None,,None,0
494,84104,84104,1163,3728,Under a Vampire Moon,Lynsay Sands,Fantasy:Fantasy Books:Romance:Romance Books,18 May 2012,351,HarperCollins Publishers Inc,English,The Accidental Vampire,Lynsay Sands,Paranormal;Vampires;Fantasy;Paranormal;Romance;Romance;Paranormal Romance,December 26th 2008,372,Avon,English,0
228,32090,32090,1017,1041,Purity in Death,J. D. Robb,Crime:Crime Fiction:Thriller Books:Thrillers:Adventure Books:Romance:Romance Books,01 Dec 2002,355,Penguin Putnam Inc,English,Innocent in Death,J.D. Robb,Mystery;Mystery;Crime;Romance;Fiction,February 20th 2007,385,G.P. Putnam's Sons,English,0
161,20946,20946,1239,617,Gabriel's Rapture,Sylvain Reynard,Adult & Contemporary Romance:Adult & Contemporary Romance,23 Nov 2012,432,Penguin Books Ltd,English,Gabriel's Redemption,Sylvain Reynard,Romance;Romance;Contemporary Romance;Contemporary;Adult;New Adult,December 3rd 2013,477,Berkley Trade,English,0
83,10631,10631,2618,292,First Star I See Tonight,Susan Elizabeth Phillips,Contemporary Fiction:Adult & Contemporary Romance:Adult & Contemporary Romance,01 Sep 2016,384,HarperCollins Publishers Inc,English,First Lady,Susan Elizabeth Phillips,Romance;Romance;Contemporary Romance;Contemporary;Womens Fiction;Chick Lit;Fiction,February 8th 2000,384,Avon,English,0
497,84201,84201,2995,3731,The Promise,Danielle Steel,Romance:Romance Books:Adult & Contemporary Romance:Adult & Contemporary Romance:Sagas,01 Jul 1990,288,Bantam Doubleday Dell Publishing Group Inc,English,The Promise,Danielle Steel,Romance;Fiction;Womens Fiction;Chick Lit;Contemporary;Novels;Romance;Contemporary Romance;Adult;Drama;Love;Romance;Love Story,,224,Warner Books,English,1
473,79251,79251,1964,3459,It Happened One Night,Stephanie Laurens,Romance:Romance Books:Historical Romance:Historical Romance,11 Jul 2011,370,HarperCollins Publishers Inc,English,One Night with a Hero,Laura Kaye,Romance;Romance;Contemporary Romance;Contemporary;War;Military;Adult,October 20th 2012,173,Entangled Publishing; LLC (Brazen),,0
110,15423,15423,590,422,The Darkest Touch : A Spellbinding Paranormal Romance Novel,Gena Showalter,Horror:Horror:Romance:Romance Books:Adult & Contemporary Romance:Adult & Contemporary Romance,16 Mar 2015,496,Harlequin Books,English,The Darkest Seduction,Gena Showalter,Romance;Paranormal Romance;Fantasy;Paranormal;Romance;Paranormal;Demons;Fantasy,February 28th 2012,504,HQN Books,English,0
149,19600,19600,461,560,To Tame A Highland Warrior,Karen Marie Moning,Historical Romance:Historical Romance,01 Mar 2000,366,Bantam Doubleday Dell Publishing Group Inc,English,The Immortal Highlander,Karen Marie Moning,Romance;Romance;Paranormal Romance;Fantasy;Paranormal;Fantasy;Science Fiction;Time Travel;Romance;Historical Romance,July 26th 2005,348,Dell,English,0
152,20045,20045,2677,577,Somebody to Love,Kristan Higgins,Adult & Contemporary Romance:Adult & Contemporary Romance,24 Apr 2012,425,HarperCollins Publishers,English,Somebody to Love,Kristan Higgins,Romance;Romance;Contemporary Romance;Contemporary;Womens Fiction;Chick Lit;Fiction,April 24th 2012,425,HQN Books,English,1
16,1921,1921,432,60,The Bride,Julie Garwood,Historical Romance:Historical Romance,04 Aug 1993,358,SIMON & SCHUSTER,English,The Bride,Julie Garwood,Romance;Historical Romance;Romance;Historical;Historical;Historical Fiction;Historical;Medieval,May 21st 2002,352,Atria Books,English,1
339,46265,46265,3423,1687,Lady Chatterley's Lover,D H Lawrence,Classic Books & Novels:Erotic Fiction:Adult & Contemporary Romance:Adult & Contemporary Romance,04 Sep 2013,297,Advantage Publishers Group,English,Lady Chatterley's Lover,D.H. Lawrence;Doris Lessing;Chester Brown,Classics;Fiction;Romance;Literature,October 31st 2006,364,Penguin Classics,English,1
109,15421,15421,212,422,The Darkest Secret,Gena Showalter,Romance:Romance Books,29 Mar 2011,416,HarperCollins Publishers,English,The Darkest Seduction,Gena Showalter,Romance;Paranormal Romance;Fantasy;Paranormal;Romance;Paranormal;Demons;Fantasy,February 28th 2012,504,HQN Books,English,0
352,51704,51704,2587,2001,Jemima J.,Jane Green,Contemporary Fiction:Romance:Romance Books:Adult & Contemporary Romance:Adult & Contemporary Romance,06 Aug 1998,464,Penguin Books Ltd,English,Jemima J,Jane Green,Womens Fiction;Chick Lit;Romance;Fiction;Adult,June 5th 2001,373,Broadway Books,English,1
139,17718,17718,3550,500,Beautiful player : Un Seductor Irresistible / an Irresistible Seducer,Christina Lauren,Erotic Fiction:Romance:Romance Books,03 Jun 2014,400,DEBOLSILLO,Spanish,Beautiful Stranger,Christina Lauren,Romance;Adult Fiction;Erotica;Contemporary;Romance;Contemporary Romance;Adult;New Adult,April 16th 2013,345,Gallery Books,English,0
237,32712,32712,2821,1065,Nauti Temptress,Lora Leigh,Contemporary Fiction:Adult & Contemporary Romance:Adult & Contemporary Romance,06 Nov 2012,324,Penguin Putnam Inc,English,Nauti Intentions,Lora Leigh,Romance;Adult Fiction;Erotica;Romance;Erotic Romance;Romance;Contemporary Romance;Romance;Romantic Suspense;Contemporary,April 7th 2009,339,Berkley Sensation,English,0
260,34445,34445,2764,1138,Born of Legend,Sherrilyn Kenyon,Adult & Contemporary Romance:Adult & Contemporary Romance,06 Apr 2017,736,Little Brown Book Group,English,Born of Silence,Sherrilyn Kenyon,Romance;Romance;Paranormal Romance;Fantasy;Paranormal;Science Fiction;Fantasy,May 1st 2012,614,Grand Central Publishing,,0
419,68716,68716,3550,2974,Beautiful player : Un Seductor Irresistible / an Irresistible Seducer,Christina Lauren,Erotic Fiction:Romance:Romance Books,03 Jun 2014,400,DEBOLSILLO,Spanish,Beautiful Beginning,Christina Lauren,New Adult;Humor;Funny;Romance;Erotic Romance;Adult Fiction;Erotica;Humor,November 19th 2013,208,Pocket Star,,0
317,43890,43890,420,1586,Mastered by Love,Stephanie Laurens,Romance:Romance Books:Historical Romance:Historical Romance,11 Jul 2011,544,HarperCollins Publishers (Australia) Pty Ltd,English,Mastered By Love,Stephanie Laurens,Romance;Romance;Historical Romance;Historical;Historical;Regency;Historical Romance;Regency Romance,July 28th 2009,434,Avon,English,1
495,84106,84106,1217,3728,The Reluctant Vampire,Lynsay Sands,Romance:Romance Books,01 Aug 2011,384,HarperCollins Publishers Inc,English,The Accidental Vampire,Lynsay Sands,Paranormal;Vampires;Fantasy;Paranormal;Romance;Romance;Paranormal Romance,December 26th 2008,372,Avon,English,0
400,66877,66877,1354,2878,Vampire Mine,Kerrelyn Sparks,Romance:Romance Books,11 Jul 2011,384,HarperCollins Publishers Inc,English,Vampire Mine,Kerrelyn Sparks,Romance;Paranormal Romance;Paranormal;Vampires;Fantasy;Paranormal;Romance;Paranormal;Angels,March 29th 2011,369,Avon,English,1
248,33644,33644,423,1099,The Designs of Lord Randolph Cavanaugh,Stephanie Laurens,Historical Romance:Historical Romance:Historical Fiction,24 Apr 2018,384,Mira Books,English,The Edge of Desire,Stephanie Laurens,Romance;Romance;Historical Romance;Historical;Historical;Regency;Historical;Historical Fiction;Historical Romance;Regency Romance,August 26th 2008,433,Avon,English,0
386,64507,64507,2173,2749,A Dark Champion,Kinley MacGregor,Contemporary Fiction:Romance:Romance Books:Historical Romance:Historical Romance,29 Aug 2011,384,HarperCollins Publishers Inc,English,A Dark Champion,Kinley MacGregor,Romance;Historical Romance;Romance;Historical;Historical;Medieval,April 27th 2004,373,Avon,English,1
19,2077,2077,1065,66,Divided In Death,J. D. Robb,Crime:Crime Fiction:Thriller Books:Thrillers:Adventure Books:Romance:Romance Books,25 Jul 2011,371,Penguin Putnam Inc,English,Naked in Death,J.D. Robb,Mystery;Romance;Mystery;Crime;Romance;Romantic Suspense;Fiction,July 1st 1995,306,Berkley Publishing Group,English,0
328,45449,45449,1557,1649,Slightly Wicked,Mary Balogh,Historical Romance:Historical Romance,29 Apr 2003,342,Bantam Doubleday Dell Publishing Group Inc,English,Slightly Scandalous,Mary Balogh,Romance;Romance;Historical Romance;Historical;Historical;Regency;Historical;Historical Fiction,October 2011,374,Dell Random House,English,0
296,39152,39152,2780,1375,River Road,Jayne Ann Krentz,Thriller Books:Thrillers:Romance:Romance Books:Adult & Contemporary Romance:Adult & Contemporary Romance,01 Jun 2015,432,Berkley Books,English,The River Knows,Amanda Quick;Jayne Ann Krentz,Romance;Romance;Historical Romance;Historical;Mystery;Historical;Historical Fiction,April 24th 2007,368,Putnam Adult,English,0
269,35258,35258,1877,1161,Voyager,Diana Gabaldon,Science Fiction:Science Fiction:Romance:Romance Books:Historical Romance:Historical Romance,01 Oct 1994,1059,Turtleback Books,English,Voyager,Diana Gabaldon,Historical;Historical Fiction;Romance;Fantasy;Fiction;Science Fiction;Time Travel;Historical;Romance;Historical Romance;Adult;Cultural;Scotland;Adventure,August 7th 2001,870,Delta,English,1
226,32080,32080,1918,1039,Defiant,Pamela Clare,Historical Romance:Historical Romance:Historical Fiction,03 Jul 2012,367,Penguin Putnam Inc,English,Defiant,Pamela Clare,Romance;Historical Romance;Historical;Romance;Historical;Historical Fiction,July 3rd 2012,364,Berkley Sensation,English,1
414,68632,68632,189,2974,Beautiful Stranger,Christina Lauren,Contemporary Fiction:Romance:Romance Books:Adult & Contemporary Romance:Adult & Contemporary Romance,06 Jun 2013,352,SIMON & SCHUSTER,English,Beautiful Beginning,Christina Lauren,New Adult;Humor;Funny;Romance;Erotic Romance;Adult Fiction;Erotica;Humor,November 19th 2013,208,Pocket Star,,0
3,225,225,3617,3,Pride and Prejudice: The Wild and Wanton Edition : The Wild and Wanton Edition,Michelle M. Pillow:Jane Austen,Erotic Fiction:Romance:Romance Books:Adult & Contemporary Romance:Adult & Contemporary Romance,14 Jan 2011,480,Adams Media Corporation,English,Pride and Prejudice,Jane Austen;Anna Quindlen;Margaret Oliphant;George Saintsbury;Mark Twain;A.C. Bradley;Walter A. Raleigh;Virginia Woolf,Fiction;Classics;Historical;Historical Fiction;Historical;Novels;Romance;Historical Romance;Classics;Classic Literature;Adult;Literature;19th Century;European Literature;British Literature,October 10th 2000,279,Modern Library,English,0
378,61662,61662,1021,2599,You Had Me At Hello,Mhairi McFarlane,Contemporary Fiction:Romance:Romance Books,18 Aug 2015,464,HarperCollins Publishers,English,You Had Me At Hello,Mhairi McFarlane,Womens Fiction;Chick Lit;Romance;Contemporary;Fiction;Adult,December 6th 2012,436,Avon,English,1
125,16072,16072,1091,440,Midnight Awakening,Lara Adrian,Fantasy:Fantasy Books:Romance:Romance Books,17 Feb 2009,369,Random House USA Inc,English,Midnight Awakening,Lara Adrian,Romance;Paranormal Romance;Fantasy;Paranormal;Paranormal;Vampires;Romance,November 27th 2007,369,Dell,English,1
280,37340,37340,293,1277,The Girl With the Make-Believe Husband : A Bridgertons Prequel,Julia Quinn,Romance:Romance Books:Historical Romance:Historical Romance,14 Jun 2017,374,HarperCollins Publishers Inc,English,Because of Miss Bridgerton,Julia Quinn,Romance;Romance;Historical Romance;Historical;Historical;Historical Fiction;Adult,March 29th 2016,375,Avon,English,0
286,38156,38156,1534,1313,No Good Duke Goes Unpunished : The Third Rule of Scoundrels,Sarah MacLean,Contemporary Fiction:Historical Romance:Historical Romance,06 Mar 2014,384,AVON BOOKS,English,No Good Duke Goes Unpunished,Sarah MacLean,Romance;Historical Romance;Romance;Historical;Historical;Historical Fiction;Historical;Regency,November 26th 2013,384,Avon,English,1
77,9776,9776,2748,275,Angels Fall,Nora Roberts,Contemporary Fiction:Romance:Romance Books:Adult & Contemporary Romance:Adult & Contemporary Romance,05 Jun 2007,464,Berkley Books,English,Angels Fall,Nora Roberts,Romance;Romance;Romantic Suspense;Mystery;Fiction;Romance;Contemporary Romance;Suspense;Contemporary,July 11th 2006,391,Putnam,English,1
184,23639,23639,1169,720,Archangel's Kiss : A Guild Hunter Novel,Nalini Singh,Fantasy:Fantasy Books:Romance:Romance Books,26 Aug 2010,338,Penguin Putnam Inc,English,Archangel's Consort,Nalini Singh,Paranormal;Angels;Fantasy;Paranormal;Fantasy;Urban Fantasy;Romance;Paranormal Romance;Romance;Paranormal;Vampires;Fantasy,February 10th 2011,324,Gollancz,,0
424,69986,69986,3357,3036,Beautiful Bastard. Un tipo odioso: Serie Beautiful Bastard 1,Christina Lauren,Erotic Fiction:Romance:Romance Books,03 Jun 2014,272,DEBOLSILLO,Spanish,Cold-Blooded Beautiful,Christine Zolendz,Dark;Romance;Sociology;Abuse;Romance;Contemporary Romance;New Adult,February 5th 2014,282,,None,0
477,80286,80286,2034,3511,The Secrets of Sir Richard Kenworthy : Number 4 in series,Julia Quinn,Historical Romance:Historical Romance:Historical Fiction,27 Jan 2015,384,Little Brown Book Group,English,The Secrets of Sir Richard Kenworthy,Julia Quinn,Romance;Historical Romance;Romance;Historical;Historical;Historical Fiction;Historical;Regency;Historical Romance;Regency Romance,January 27th 2015,378,Avon,,1
275,36000,36000,2373,1182,The Warrior: A Rouge Historical Romance,Nicole Jordan,Historical Romance:Historical Romance,16 Feb 2012,512,Ebury Publishing,English,The History of Love,Nicole Krauss,Fiction;Historical;Historical Fiction;Romance;Novels,May 17th 2006,255,Norton,English,0
294,38666,38666,682,1345,It Ends with Us,Colleen Hoover,Contemporary Fiction:Romance:Romance Books:Adult & Contemporary Romance:Adult & Contemporary Romance,02 Aug 2016,376,Atria Books,English,It Ends with Us,Colleen Hoover,Romance;New Adult;Contemporary;Fiction;Romance;Contemporary Romance,August 2nd 2016,367,Atria Books,,1
436,71295,71295,3874,3094,Letters to Penthouse: Letters To Penthouse XXXXII Hot and Horny in Class XXXXII,Editors of Penthouse,Erotic Fiction,10 Jan 2012,304,Little Brown & Company,English,Letters to a War Zone,Lucy Felthouse,Romance;M M Romance;Adult Fiction;Erotica;Romance;Contemporary,March 28th 2014,28,Totally Bound,,0
182,23608,23608,167,720,Archangel's Consort,Nalini Singh,Fantasy:Fantasy Books:Romance:Romance Books,02 Feb 2011,337,Penguin Putnam Inc,English,Archangel's Consort,Nalini Singh,Paranormal;Angels;Fantasy;Paranormal;Fantasy;Urban Fantasy;Romance;Paranormal Romance;Romance;Paranormal;Vampires;Fantasy,February 10th 2011,324,Gollancz,,1
447,73984,73984,1117,3228,One Silent Night : A Dark-Hunter Novel,Sherrilyn Kenyon,Romance:Romance Books,06 Aug 2009,310,St Martin's Press,English,Night Play,Sherrilyn Kenyon,Romance;Paranormal Romance;Fantasy;Paranormal;Romance;Fantasy;Paranormal;Vampires;Fantasy;Urban Fantasy,August 2004,362,St. Martin's Press,English,0
80,10398,10398,2503,285,Reason to Breathe (The Breathing Series #1),Rebecca Donovan,Contemporary Fiction:Romance:Romance Books:Adult & Contemporary Romance:Adult & Contemporary Romance,17 Jan 2013,544,Penguin Books Ltd,English,Barely Breathing,Rebecca Donovan,Romance;Young Adult;New Adult;Sociology;Abuse;Contemporary,May 8th 2012,385,Smashwords,English,0
307,42072,42072,2660,1488,If You Were Mine,Bella Andre,Contemporary Fiction:Adult & Contemporary Romance:Adult & Contemporary Romance,29 Oct 2013,344,Mira Books,English,If You Were Mine,Bella Andre,Romance;Romance;Contemporary Romance;Contemporary,May 24th 2012,194,Oak Press LLC,English,1
258,34299,34299,369,1130,This Duchess of Mine,Eloisa James,Historical Romance:Historical Romance,08 Jul 2011,372,HarperCollins Publishers Inc,English,This Duchess of Mine,Eloisa James,Romance;Historical Romance;Romance;Historical;Historical;Historical Fiction;Historical;Regency,May 26th 2009,370,Avon,English,1
11,820,820,108,21,Wuthering Heights,Emily Bronte,Contemporary Fiction:Classic Books & Novels:Romance:Romance Books,06 Dec 2012,384,Penguin Books Ltd,English,Wuthering Heights,Emily Brontë;Richard J. Dunn,Classics;Fiction;Romance;Literature;Gothic;Historical;Historical Fiction;Literature;19th Century;Classics;Classic Literature;Novels;Historical,,464,Norton,English,1
371,59148,59148,2557,2434,After We Fell,Anna Todd,Contemporary Fiction:Romance:Romance Books:Adult & Contemporary Romance:Adult & Contemporary Romance,13 Mar 2015,848,SIMON & SCHUSTER,English,After We Fell,Anna Todd,Romance;New Adult;Contemporary,December 30th 2014,848,Gallery Books,English,1
86,11010,11010,2364,298,Surrender,Pamela Clare,Romance:Romance Books:Historical Romance:Historical Romance,06 Dec 2011,354,Penguin Putnam Inc,English,Surrender,Pamela Clare,Romance;Historical Romance;Romance;Historical;Historical;Historical Fiction,October 28th 2008,355,Leisure,,1
266,34914,34914,866,1153,Hot Ticket : Sinners on Tour,Olivia Cunning,Erotic Fiction:Romance:Romance Books:Adult & Contemporary Romance:Adult & Contemporary Romance,05 Feb 2013,391,Sourcebooks Inc,English,Hot Ticket,Olivia Cunning,Romance;Adult Fiction;Erotica;Contemporary;Romance;Contemporary Romance;Music;Adult,February 5th 2013,365,Sourcebooks Casablanca,English,1
36,3944,3944,1679,116,The Hamilton Affair : The Epic Love Story of Alexander Hamilton and Eliza Schuyler,Elizabeth Cobbs,Contemporary Fiction:Historical Romance:Historical Romance:Historical Fiction,19 Oct 2017,416,Hodder & Stoughton General Division,English,Kissed by an Angel/The Power of Love/Soulmates,Elizabeth Chandler,Young Adult;Romance;Paranormal;Angels;Fantasy;Paranormal;Fantasy,December 16th 2008,704,Simon Pulse,,0
480,80445,80445,1172,3519,Kiss of the Night,Sherrilyn Kenyon,Contemporary Fiction:Romance:Romance Books,30 Apr 2010,384,St Martin's Press,English,Sins of the Night,Sherrilyn Kenyon,Romance;Paranormal Romance;Fantasy;Paranormal;Romance;Fantasy;Paranormal;Vampires;Fantasy;Urban Fantasy,June 28th 2005,331,St. Martin's Press,English,0
58,7269,7269,282,208,In Bed With A Highlander,Maya Banks,Contemporary Fiction:Erotic Fiction:Historical Romance:Historical Romance:Historical Fiction,13 Sep 2011,368,Random House USA Inc,English,In Bed with a Highlander,Maya Banks,Romance;Historical Romance;Romance;Historical;Historical;Historical Fiction,August 30th 2011,351,Ballantine Books,English,1
41,4926,4926,1700,141,Stranger in My Arms,Lisa Kleypas,Romance:Romance Books:Historical Romance:Historical Romance,08 Jul 2011,368,HarperCollins Publishers Inc,English,Smooth Talking Stranger,Lisa Kleypas,Romance;Romance;Contemporary Romance;Contemporary;Womens Fiction;Chick Lit;Adult,March 31st 2009,340,St. Martin's Press,English,0
270,35273,35273,103,1163,Virgins : An Outlander Short Story,Diana Gabaldon,Historical Adventure:Historical Romance:Historical Romance:Historical Fiction,18 Nov 2016,256,Cornerstone,English,The Outlander Series,Diana Gabaldon,Historical;Historical Fiction;Romance;Fantasy;Historical;Science Fiction;Time Travel;Fiction,October 29th 2012,7852,Dell,English,0
50,6294,6294,102,187,Dear John,Nicholas Sparks,Contemporary Fiction:Adult & Contemporary Romance:Adult & Contemporary Romance,01 Dec 2009,335,Time Warner Trade Publishing,English,Dear John,Nicholas Sparks,Romance;Fiction;Womens Fiction;Chick Lit;Contemporary;Adult;Adult Fiction;Love;Young Adult;Drama;Romance;Contemporary Romance,October 30th 2006,276,Warner Books,English,1
209,29160,29160,1267,914,Hungry For You : An Argeneau Novel,Lynsay Sands,Fantasy:Fantasy Books:Romance:Romance Books,06 Jul 2011,384,HarperCollins Publishers Inc,English,Hungry for You,Lynsay Sands,Romance;Paranormal Romance;Romance;Paranormal;Vampires;Fantasy;Paranormal,November 30th 2010,353,Avon,English,1
397,66614,66614,596,2869,Beautiful Bombshell,Christina Lauren,Contemporary Fiction:Adult & Contemporary Romance:Adult & Contemporary Romance,09 Dec 2013,160,SIMON & SCHUSTER,English,Beautiful Torment,Paige Laurens,Romance;New Adult,February 23rd 2015,216,,,0
410,68541,68541,2588,2964,The Immortal Who Loved Me : An Argeneau Novel,Lynsay Sands,Contemporary Fiction:Horror:Horror:Fantasy:Fantasy Books:Romance:Romance Books:Adult & Contemporary Romance:Adult & Contemporary Romance,24 Feb 2015,357,AVON BOOKS,English,The Immortal Hunter,Lynsay Sands,Romance;Paranormal Romance;Paranormal;Vampires;Romance;Fantasy;Paranormal;Fantasy,March 31st 2009,360,Avon,English,0
416,68660,68660,1156,2974,Beautiful Secret,Christina Lauren,Contemporary Fiction:Thriller Books:Thrillers:Adult & Contemporary Romance:Adult & Contemporary Romance,14 Apr 2015,400,SIMON & SCHUSTER,English,Beautiful Beginning,Christina Lauren,New Adult;Humor;Funny;Romance;Erotic Romance;Adult Fiction;Erotica;Humor,November 19th 2013,208,Pocket Star,,0
123,16069,16069,1108,440,Shades of Midnight : A Midnight Breed Novel,Lara Adrian,Horror:Horror:Fantasy:Fantasy Books:Romance:Romance Books,14 Jan 2010,383,Dell Books,English,Midnight Awakening,Lara Adrian,Romance;Paranormal Romance;Fantasy;Paranormal;Paranormal;Vampires;Romance,November 27th 2007,369,Dell,English,0
222,31549,31549,398,1015,A Rogue by Any Other Name : The First Rule of Scoundrels,Sarah MacLean,Romance:Romance Books:Historical Romance:Historical Romance,05 Mar 2012,400,HarperCollins Publishers Inc,English,A Rogue by Any Other Name,Sarah MacLean,Romance;Historical Romance;Romance;Historical;Historical;Historical Fiction;Historical;Regency;Adult,February 28th 2012,386,Avon,English,1
62,7416,7416,1201,215,The Dark Highlander,Karen Marie Moning,Fantasy:Fantasy Books:Romance:Romance Books,01 Oct 2002,1,Bantam Doubleday Dell Publishing Group Inc,English,Kiss of the Highlander,Karen Marie Moning,Romance;Science Fiction;Time Travel;Romance;Paranormal Romance;Romance;Historical Romance;Fantasy;Paranormal;Fantasy;Historical,September 4th 2001,396,Dell,English,0
377,61476,61476,3492,2588,THE 1950s SPANKING CHRONICLES : TRUE SPANKING STORIES FROM THE FIFTIES VOLUME 1: True Accounts from the Nineteen-Fifties the Golden Age of Spanking: Erotic Spanking Discipline Spanking Punishment Spanking Corporal Punishment Domestic Discipline OTK,Sasha Cave,Erotic Fiction,10 Nov 2011,188,Lincoln Publishing Inc,English,Walking Back to Georgia: Guitar Face Series Book 3,Sasha Marshall;Meghan Glass,Romance;Epic,June 26th 2015,318,,,0
130,16554,16554,512,462,When He Was Wicked,Julia Quinn,Historical Romance:Historical Romance,08 Jul 2011,368,HarperCollins Publishers Inc,English,When He Was Wicked,Julia Quinn,Romance;Historical Romance;Romance;Historical;Historical;Regency;Historical;Historical Fiction;Historical Romance;Regency Romance,June 29th 2004,368,Avon,English,1
187,23789,23789,210,729,Just Like Heaven,Julia Quinn,Romance:Romance Books:Historical Romance:Historical Romance,27 Jul 2011,384,HarperCollins Publishers Inc,English,Just Like Heaven,Julia Quinn,Romance;Historical Romance;Romance;Historical;Historical;Historical Fiction;Historical;Regency;Historical Romance;Regency Romance,May 31st 2011,374,Avon Harper Collins,English,1
23,2381,2381,1278,75,Rush Too Far,Abbi Glines,Romance:Romance Books:Adult & Contemporary Romance:Adult & Contemporary Romance,08 May 2014,256,Simon & Schuster Ltd,English,Fallen Too Far,Abbi Glines,Romance;Contemporary;Romance;Contemporary Romance;Young Adult,December 14th 2012,300,Abbi Glines,,0
43,5076,5076,1203,148,Darkfever,Karen Marie Moning,Fantasy:Fantasy Books:Romance:Romance Books,08 Sep 2011,368,Orion Publishing Co,English,Darkfever,Karen Marie Moning,Fantasy;Fantasy;Urban Fantasy;Fantasy;Paranormal;Romance;Romance;Paranormal Romance;Fairies;Fae;Adult;Fiction,October 31st 2006,309,Delacorte Press,English,1
441,72778,72778,1802,3174,A Secret Love : Number 5 in series,Stephanie Laurens,Historical Romance:Historical Romance,01 Apr 2007,432,Little Brown Book Group,English,Hate: A Love Story,Laurel Ulen Curtis,Romance;New Adult;Romance;Contemporary Romance;Contemporary,October 11th 2014,285,Laurel Ulen Curtis,None,0
0,44,44,172,2,A Beautiful Wedding,Jamie Mcguire,Contemporary Fiction:Romance:Romance Books:Adult & Contemporary Romance:Adult & Contemporary Romance,10 Dec 2013,208,Simon & Schuster Ltd,English,Beautiful Disaster,Jamie McGuire,Romance;New Adult;Contemporary;Young Adult;Romance;Contemporary Romance;Academic;College;Fiction;Womens Fiction;Chick Lit;Adult;Did Not Finish,May 26th 2011,319,Jamie McGuire,,0
201,26925,26925,169,839,Great Expectations,Charles Dickens:David Trotter:Charlotte Mitchell,Contemporary Fiction:Classic Books & Novels:Romance:Romance Books,05 Jan 2012,544,Penguin Books Ltd,English,Great Expectations,Charles Dickens,Classics;Fiction;Literature;Historical;Historical Fiction;Academic;School,,505,Oxford University Press,English,1
368,58203,58203,369,2389,This Duchess of Mine,Eloisa James,Historical Romance:Historical Romance,08 Jul 2011,372,HarperCollins Publishers Inc,English,The Ugly Duchess,Eloisa James,Romance;Historical Romance;Romance;Historical;Historical;Historical Fiction;Historical;Regency;Fantasy;Fairy Tales;Historical Romance;Regency Romance,August 28th 2012,334,Avon,English,0
426,70001,70001,3550,3036,Beautiful player : Un Seductor Irresistible / an Irresistible Seducer,Christina Lauren,Erotic Fiction:Romance:Romance Books,03 Jun 2014,400,DEBOLSILLO,Spanish,Cold-Blooded Beautiful,Christine Zolendz,Dark;Romance;Sociology;Abuse;Romance;Contemporary Romance;New Adult,February 5th 2014,282,,None,0
98,12697,12697,212,329,The Darkest Secret,Gena Showalter,Romance:Romance Books,29 Mar 2011,416,HarperCollins Publishers,English,The Darkest Secret,Gena Showalter,Romance;Paranormal Romance;Fantasy;Paranormal;Romance;Paranormal;Demons;Fantasy,March 29th 2011,410,HQN Books,English,1
349,49889,49889,3774,1875,Beautiful secret (Un secreto explosivo),Christina Lauren,Erotic Fiction:Romance:Romance Books,21 Jul 2015,357,DEBOLSILLO,Spanish,Brutally Beautiful,Christine Zolendz,Romance;Dark;Sociology;Abuse;New Adult;Romance;Contemporary Romance;Contemporary,December 26th 2013,316,,,0
304,41448,41448,2814,1458,From This Moment on,Bella Andre,Adult & Contemporary Romance:Adult & Contemporary Romance,25 Jun 2013,378,Mira Books,English,From This Moment On,Bella Andre,Romance;Romance;Contemporary Romance;Contemporary,August 30th 2011,176,Bella Andre,,0
487,81549,81549,1461,3585,Dragon Actually,G. A. Aiken,Adventure Books:Romance:Romance Books,01 Sep 2008,352,Kensington Publishing,English,The Dragon Who Loved Me,G.A. Aiken,Fantasy;Dragons;Fantasy;Romance;Paranormal Romance;Romance;Fantasy;Paranormal;Paranormal;Shapeshifters,September 6th 2011,383,Zebra Books,,0
178,22549,22549,506,677,Gentle Warrior,Julie Garwood,Contemporary Fiction:Science Fiction:Science Fiction:Fantasy:Fantasy Books:Romance:Romance Books:Historical Romance:Historical Romance,16 Jun 2008,320,SIMON & SCHUSTER,English,Gentle Warrior,Julie Garwood,Romance;Historical Romance;Romance;Historical;Historical;Medieval;Historical;Historical Fiction;Historical Romance;Medieval Romance,December 1st 1990,309,Pocket Books,English,1
369,58245,58245,2036,2389,My American Duchess,Eloisa James,Historical Romance:Historical Romance,26 Jan 2016,432,AVON BOOKS,English,The Ugly Duchess,Eloisa James,Romance;Historical Romance;Romance;Historical;Historical;Historical Fiction;Historical;Regency;Fantasy;Fairy Tales;Historical Romance;Regency Romance,August 28th 2012,334,Avon,English,0
256,34125,34125,1069,1123,Eternal Rider,Larissa Ione,Contemporary Fiction:Fantasy:Fantasy Books:Romance:Romance Books,01 Apr 2011,412,Time Warner Trade Publishing,English,Lethal Rider,Larissa Ione,Romance;Paranormal Romance;Fantasy;Paranormal;Romance;Paranormal;Demons;Paranormal;Angels;Fantasy;Paranormal;Vampires,May 22nd 2012,464,Piatkus Books,English,0
94,12285,12285,364,323,The Immortal Highlander,Karen Marie Moning,Romance:Romance Books:Historical Romance:Historical Romance,01 Aug 2005,384,Bantam Doubleday Dell Publishing Group Inc,English,Beyond the Highland Mist,Karen Marie Moning,Romance;Science Fiction;Time Travel;Romance;Historical Romance;Romance;Paranormal Romance;Fantasy;Fantasy;Paranormal;Historical,May 29th 2007,375,Dell,English,0
465,76875,76875,3095,3361,Pídeme lo que quieras,Megan Maxwell,Erotic Fiction:Romance:Romance Books,01 May 2014,464,Booket,Spanish,Pídeme lo que quieras,Megan Maxwell,Romance;Adult Fiction;Erotica;Contemporary;Adult;Womens Fiction;Chick Lit;Romance;Erotic Romance;Erotica;Bdsm;European Literature;Spanish Literature;Did Not Finish;Abandoned,November 8th 2012,464,Esencia,,1
95,12414,12414,968,326,If I Were You,Lisa Renee Jones,Contemporary Fiction:Erotic Fiction:Romance:Romance Books:Adult & Contemporary Romance:Adult & Contemporary Romance,03 Dec 2013,352,SIMON & SCHUSTER,English,If I Were You,Lisa Renee Jones,Romance;Adult Fiction;Erotica;Erotica;Bdsm;Contemporary;Adult;Romance;Contemporary Romance;Mystery;Romance;Erotic Romance;Suspense;Romance;Romantic Suspense,September 13th 2012,384,Lisa Renee Jones,,1
442,73015,73015,436,3184,One Good Earl Deserves a Lover,Sarah MacLean,Historical Romance:Historical Romance,29 Jan 2013,384,HarperCollins Publishers Inc,English,One Good Reason,Sarah Mayberry,Romance;Romance;Contemporary Romance;Contemporary;Category Romance;Harlequin;Romance;Category Romance,August 2011,281,Harlequin Books,English,0
169,21989,21989,117,650,Something Blue,Emily Giffin,Contemporary Fiction:Adult & Contemporary Romance:Adult & Contemporary Romance,26 Apr 2011,374,St Martin's Press,English,Something Borrowed,Emily Giffin,Womens Fiction;Chick Lit;Romance;Fiction;Contemporary,June 1st 2004,322,St. Martin's Press,English,0
69,8281,8281,252,234,A Bed of Roses,Nora Roberts,Adult & Contemporary Romance:Adult & Contemporary Romance,29 Apr 2010,368,Little Brown Book Group,English,Bed of Roses,Nora Roberts,Romance;Romance;Contemporary Romance;Contemporary;Womens Fiction;Chick Lit;Fiction,October 27th 2009,335,Berkley,English,1
305,41627,41627,1839,1461,The Edge Of Desire : Number 7 in series,Stephanie Laurens,Historical Romance:Historical Romance,05 Aug 2010,480,Little Brown Book Group,English,Secret Desires of a Gentleman,Laura Lee Guhrke,Romance;Historical Romance;Romance;Historical;Historical;Victorian;Historical;Regency;Historical;Historical Fiction,September 30th 2008,384,Avon,English,0
48,5719,5719,1611,162,The Wolf and the Dove,Kathleen E. Woodiwiss,Contemporary Fiction:Romance:Romance Books:Historical Romance:Historical Romance,02 Sep 2011,512,HarperCollins Publishers Inc,English,The Wolf and the Dove,Kathleen E. Woodiwiss,Romance;Romance;Historical Romance;Historical;Historical;Medieval;Historical;Historical Fiction,August 28th 2007,512,Avon,English,1
341,46830,46830,2913,1715,Baby Proof,Emily Giffin,Contemporary Fiction:Adult & Contemporary Romance:Adult & Contemporary Romance,30 Mar 2011,348,St Martin's Press,English,Baby Proof,Emily Giffin,Womens Fiction;Chick Lit;Romance;Fiction,June 13th 2006,340,St. Martin's Press,English,1
373,59336,59336,445,2442,A Secret Love,Stephanie Laurens,Romance:Romance Books:Historical Romance:Historical Romance:Historical Fiction,27 Sep 2000,374,HarperCollins Publishers Inc,English,Bitter Sweet Love,R.C. Stephens,New Adult;Romance;Romance;Contemporary Romance,January 18th 2015,353,CreateSpace,English,0
207,28502,28502,355,895,Beyond The Highland Mist,Karen Marie Moning,Romance:Romance Books:Historical Romance:Historical Romance,01 Apr 2000,375,Bantam Doubleday Dell Publishing Group Inc,English,To Tame A Highland Warrior,Karen Marie Moning,Romance;Historical Romance;Fantasy;Historical;Science Fiction;Time Travel;Romance;Historical;Historical Fiction;Adult;Fiction;Cultural;Scotland;Fantasy;Paranormal,November 4th 2009,388,Dell,,0
279,37330,37330,2061,1277,Romancing Mister Bridgerton,Julia Quinn,Romance:Romance Books:Historical Romance:Historical Romance,24 Nov 2015,408,AVON BOOKS,English,Because of Miss Bridgerton,Julia Quinn,Romance;Romance;Historical Romance;Historical;Historical;Historical Fiction;Adult,March 29th 2016,375,Avon,English,0
227,32084,32084,255,1041,Seduction in Death,J. D. Robb,Contemporary Fiction:Crime:Crime Fiction:Adult & Contemporary Romance:Adult & Contemporary Romance,01 Sep 2001,354,Penguin Putnam Inc,English,Innocent in Death,J.D. Robb,Mystery;Mystery;Crime;Romance;Fiction,February 20th 2007,385,G.P. Putnam's Sons,English,0
148,19594,19594,364,560,The Immortal Highlander,Karen Marie Moning,Romance:Romance Books:Historical Romance:Historical Romance,01 Aug 2005,384,Bantam Doubleday Dell Publishing Group Inc,English,The Immortal Highlander,Karen Marie Moning,Romance;Romance;Paranormal Romance;Fantasy;Paranormal;Fantasy;Science Fiction;Time Travel;Romance;Historical Romance,July 26th 2005,348,Dell,English,1
143,18748,18748,1025,535,Immortals After Dark #6: Kiss of a Demon King,Kresley Cole,Romance:Romance Books,21 Jul 2009,352,SIMON & SCHUSTER,English,Dark Desires After Dusk,Kresley Cole,Romance;Paranormal Romance;Fantasy;Paranormal;Romance;Fantasy;Paranormal;Demons,May 20th 2008,368,Simon & Schuster,English,0
334,46083,46083,1156,1676,Beautiful Secret,Christina Lauren,Contemporary Fiction:Thriller Books:Thrillers:Adult & Contemporary Romance:Adult & Contemporary Romance,14 Apr 2015,400,SIMON & SCHUSTER,English,Beautiful Broken Rules,Kimberly Lauren,New Adult;Romance;Academic;College;Contemporary;Romance;Contemporary Romance,May 14th 2013,225,,None,0
180,23211,23211,1815,700,A Breath of Snow and Ashes,Diana Gabaldon,Science Fiction:Science Fiction:Fantasy:Fantasy Books:Romance:Romance Books:Historical Romance:Historical Romance:Historical Fiction,29 Aug 2006,979,Bantam Doubleday Dell Publishing Group Inc,English,A Breath of Snow and Ashes,Diana Gabaldon,Romance;Historical Romance;Historical;Historical Fiction;Adult;Romance,August 29th 2006,980,Delta,English,1
356,53641,53641,3603,2155,A Dangerous Thing : The Adrien English Mysteries,Josh Lanyon,Contemporary Fiction:Crime:Crime Fiction:Erotic Fiction:Adult & Contemporary Romance:Adult & Contemporary Romance,14 May 2012,None,Just Joshin,English,Fatal Shadows / A Dangerous Thing,Josh Lanyon,Romance;M M Romance;Mystery;Contemporary;Romance,May 8th 2007,290,Loose Id,English,0
131,16687,16687,2429,470,Christmas Ever After,Sarah Morgan,Adult & Contemporary Romance:Adult & Contemporary Romance,22 Oct 2015,368,HarperCollins Publishers,English,After the Fall,Morgan O'Neill;Deborah O'Neill Cordes,Science Fiction;Time Travel;Romance;Fantasy;Historical;Historical Fiction;Romance;Paranormal Romance;Historical;Romance;Historical Romance,October 1st 2012,372,Crimson Romance,English,0
462,76507,76507,3501,3339,La Magia de Ser Nosotros / The Magic of Being Ourselves,Elisabet Benavent,Erotic Fiction:Adult & Contemporary Romance:Adult & Contemporary Romance,26 Sep 2017,519,Suma,Spanish,The House of Erotica Witching Hour,Victoria Blisse;Isabel Holley;Nicky Raven;Heather Lin;Vanessa De Sade;Gemma Parkes;Tilly Hunter;Lucy Felthouse,Shapeshifters;Werewolves,October 7th 2013,123,House of Erotica,None,0
498,84225,84225,1980,3733,Heartwishes,Jude Deveraux,Romance:Romance Books:Historical Romance:Historical Romance,29 May 2012,456,SIMON & SCHUSTER,English,Heartwishes,Jude Deveraux,Romance;Contemporary;Fiction,August 30th 2011,363,Atria Books,English,1
262,34471,34471,1381,1138,Born of Fire,Sherrilyn Kenyon,Fantasy:Fantasy Books:Romance:Romance Books,03 Nov 2009,540,St Martin's Press,English,Born of Silence,Sherrilyn Kenyon,Romance;Romance;Paranormal Romance;Fantasy;Paranormal;Science Fiction;Fantasy,May 1st 2012,614,Grand Central Publishing,,0
324,45270,45270,1557,1638,Slightly Wicked,Mary Balogh,Historical Romance:Historical Romance,29 Apr 2003,342,Bantam Doubleday Dell Publishing Group Inc,English,Slightly Tempted,Mary Balogh,Romance;Romance;Historical Romance;Historical;Historical;Regency;Historical;Historical Fiction;Historical Romance;Regency Romance,January 2004,356,Dell Bantam Random House,English,0
203,27291,27291,1514,860,The Secret Dreamworld Of A Shopaholic : (Shopaholic Book 1),Sophie Kinsella,Contemporary Fiction:Romance:Romance Books:Adult & Contemporary Romance:Adult & Contemporary Romance,02 Jan 2006,320,Transworld Publishers Ltd,English,Confessions of a Shopaholic,Sophie Kinsella,Womens Fiction;Chick Lit;Humor;Funny;Adult Fiction;Romance;Contemporary Romance;Humor;Comedy;Humor;Romance;Young Adult;European Literature;British Literature;Novels,November 4th 2003,368,Dell Publishing Company,English,0
84,10758,10758,1779,294,The Night Circus,Erin Morgenstern,Contemporary Fiction:Historical Romance:Historical Romance:Historical Fiction,03 Jul 2012,528,Turtleback Books,English,The Night Circus,Erin Morgenstern,Historical;Historical Fiction;Adult;Adult Fiction,September 13th 2011,400,Doubleday,English,1
121,15853,15853,1208,432,Archangel's Shadows : Book 7,Nalini Singh,Fantasy:Fantasy Books:Romance:Romance Books,06 Nov 2014,384,Orion Publishing Co,English,Angels' Blood,Nalini Singh,Fantasy;Paranormal;Fantasy;Urban Fantasy;Romance;Paranormal Romance;Romance;Paranormal;Angels;Fantasy;Paranormal;Vampires,March 3rd 2009,339,Berkley Sensation,,0
482,80742,80742,1684,3548,A Night to Surrender,Tessa Dare,Contemporary Fiction:Historical Romance:Historical Romance,30 Aug 2011,400,HarperCollins Publishers Inc,English,Surrender of a Siren,Tessa Dare,Romance;Historical Romance;Romance;Historical;Historical;Regency;Historical;Historical Fiction;Fiction,August 25th 2009,384,Ballantine Books,English,0
434,71287,71287,3418,3094,Letters to Penthouse: Letters To Penthouse Xxx Extreme Sex Maximum Pleasure XXX,Editors of Penthouse,Erotic Fiction,01 Jan 2008,352,Little Brown & Company,English,Letters to a War Zone,Lucy Felthouse,Romance;M M Romance;Adult Fiction;Erotica;Romance;Contemporary,March 28th 2014,28,Totally Bound,,0
460,76001,76001,1597,3308,Midnight in Austenland : A Novel,Shannon Hale,Contemporary Fiction:Historical Romance:Historical Romance,28 Mar 2013,288,Bloomsbury Publishing PLC,English,Austenland,Shannon Hale,Fiction;Contemporary;Adult;Adult Fiction,May 29th 2007,197,Bloomsbury Publishing PLC,English,0
454,75130,75130,2231,3268,The Promise In A Kiss : Number 8 in series,Stephanie Laurens,Historical Romance:Historical Romance,01 Dec 2007,400,Little Brown Book Group,English,The Fallen Series Boxed Set,Lauren Kate,Young Adult;Fantasy;Romance;Fantasy;Paranormal;Paranormal;Angels;Paranormal;Demons,October 23rd 2012,None,Delacorte Press,,0
384,63952,63952,1025,2716,Immortals After Dark #6: Kiss of a Demon King,Kresley Cole,Romance:Romance Books,21 Jul 2009,352,SIMON & SCHUSTER,English,Deep Kiss of Winter,Kresley Cole;Gena Showalter,Romance;Paranormal Romance;Fantasy;Paranormal;Romance;Paranormal;Vampires;Fantasy,October 13th 2009,426,Pocket Books,English,0
91,11733,11733,80,315,"The Princess Bride : S. Morgenstern's Classic Tale of True Love and High Adventure; The ""Good Parts"" Version",William Goldman,Classic Books & Novels:Adventure Books:Fantasy:Fantasy Books:Romance:Romance Books:Historical Fiction,06 Feb 2008,456,Harcourt Children's Books,English,The Princess Bride,William Goldman,Fantasy;Science Fiction Fantasy;Young Adult,July 15th 2003,398,Ballantine Books (Ballantine Reader's Circle),English,1
82,10565,10565,3869,290,Amante Liberada #9 / Lover Unleashed #9,JR Ward,Horror:Horror:Erotic Fiction:Romance:Romance Books,27 Dec 2016,606,DEBOLSILLO,Spanish,Lover Unleashed,J.R. Ward,Fantasy;Fantasy;Paranormal;Romance;Paranormal Romance;Romance;Fantasy;Urban Fantasy;Paranormal;Vampires,March 29th 2011,512,NAL,English,1
267,34941,34941,350,1154,Dragonfly in Amber,Diana Gabaldon,Fantasy:Fantasy Books:Romance:Romance Books:Historical Romance:Historical Romance:Historical Fiction,07 Aug 2001,743,Bantam Doubleday Dell Publishing Group Inc,English,Dragonfly in Amber,Diana Gabaldon;Sven Christer Swahn;Gunilla Leining,Historical;Historical Fiction;Romance;Fantasy;Fiction;Science Fiction;Time Travel;Historical,August 7th 2001,743,Bantam,English,1
119,15838,15838,1072,432,Archangel's Consort : Book 3,Nalini Singh,Fantasy:Fantasy Books:Romance:Romance Books,10 Feb 2011,336,Orion Publishing Co,English,Angels' Blood,Nalini Singh,Fantasy;Paranormal;Fantasy;Urban Fantasy;Romance;Paranormal Romance;Romance;Paranormal;Angels;Fantasy;Paranormal;Vampires,March 3rd 2009,339,Berkley Sensation,,0
358,54689,54689,2113,2207,The Untamed Bride : Number 1 in series,Stephanie Laurens,Historical Romance:Historical Romance:Historical Fiction,27 Nov 2009,368,Little Brown Book Group,English,The Untamed Bride,Stephanie Laurens,Romance;Romance;Historical Romance;Historical;Historical;Regency;Historical Romance;Regency Romance,October 27th 2009,356,Avon,,1
291,38457,38457,220,1334,Walking Disaster,Jamie Mcguire,Contemporary Fiction:Erotic Fiction:Romance:Romance Books:Adult & Contemporary Romance:Adult & Contemporary Romance,02 Apr 2013,433,SIMON & SCHUSTER,English,Walking Disaster,Jamie McGuire,Romance;Contemporary;Romance;Contemporary Romance;Young Adult;Academic;College,April 2nd 2013,448,Atria Books,English,1
57,7249,7249,3055,207,Sylvia Day Crossfire Series 4-Volume Boxed Set : Bared to You/Reflected in You/Entwined with You/Captivated by You,Sylvia Day,Adult & Contemporary Romance:Adult & Contemporary Romance,27 Jan 2015,None,Berkley Books,English,Reflected in You,Sylvia Day,Romance;Adult Fiction;Erotica;Contemporary;Romance;Contemporary Romance;Adult,October 23rd 2012,338,Berkley,English,0
321,45168,45168,2445,1634,Nobody's Baby But Mine,Susan Elizabeth Phillips,Romance:Romance Books:Adult & Contemporary Romance:Adult & Contemporary Romance,08 Jul 2011,384,HarperCollins Publishers Inc,English,Baby; Don't Go,Susan Andersen,Romance;Romance;Contemporary Romance;Womens Fiction;Chick Lit;Romance;Romantic Suspense,March 25th 2014,357,Avon,None,0
257,34130,34130,1232,1123,Rogue Rider,Larissa Ione,Contemporary Fiction:Horror:Horror:Romance:Romance Books,20 Nov 2012,432,Time Warner Trade Publishing,English,Lethal Rider,Larissa Ione,Romance;Paranormal Romance;Fantasy;Paranormal;Romance;Paranormal;Demons;Paranormal;Angels;Fantasy;Paranormal;Vampires,May 22nd 2012,464,Piatkus Books,English,0
376,61019,61019,270,2575,Succubus Blues,Richelle Mead,Contemporary Fiction:Fantasy:Fantasy Books:Romance:Romance Books,05 Aug 2010,384,Kensington Publishing,English,Succubus Shadows,Richelle Mead,Fantasy;Urban Fantasy;Fantasy;Paranormal;Fantasy;Romance;Romance;Paranormal Romance;Paranormal;Demons;Paranormal;Vampires,March 30th 2010,281,Kensington,English,0
446,73966,73966,319,3228,Sins of the Night,Sherrilyn Kenyon,Fantasy:Fantasy Books:Romance:Romance Books:Historical Romance:Historical Romance,01 Jul 2005,384,St Martin's Press,English,Night Play,Sherrilyn Kenyon,Romance;Paranormal Romance;Fantasy;Paranormal;Romance;Fantasy;Paranormal;Vampires;Fantasy;Urban Fantasy,August 2004,362,St. Martin's Press,English,0
42,5014,5014,428,145,Lord of Scoundrels,Loretta Chase,Romance:Romance Books:Adult & Contemporary Romance:Adult & Contemporary Romance:Historical Romance:Historical Romance,08 Jul 2011,384,HarperCollins Publishers Inc,English,Lord of Scoundrels,Loretta Chase,Romance;Historical Romance;Romance;Historical;Historical;Historical Fiction;Historical;Regency;Fiction,January 1995,375,Avon Books,English,1
105,14226,14226,537,382,To Distraction,Stephanie Laurens,Contemporary Fiction:Romance:Romance Books:Historical Romance:Historical Romance,18 Aug 2011,483,HarperCollins Publishers Inc,English,The Mane Attraction,Shelly Laurenston,Fantasy;Paranormal;Romance;Paranormal Romance;Romance;Paranormal;Shapeshifters,October 28th 2008,320,Brava,English,0
388,64682,64682,3441,2762,The Juliette Society Book III: the Mismade Girl : The Mismade Girl,Sasha Grey,Erotic Fiction,25 Mar 2018,216,Cleis Press,English,Unbroken: A World War II Gay Story of Survival: (M/M Erotic Romance Mega Bundle) (Gay Experience Book 2),M.R. Grey,,February 24th 2015,None,Gay Experience,None,0
467,78090,78090,2815,3413,A Time for Renewal : Book Two in the the gripping uplifting Rivenshaw Saga set at the close of World War Two,Anna Jacobs,Adult & Contemporary Romance:Adult & Contemporary Romance:Historical Romance:Historical Romance:Sagas,12 Jul 2016,352,Hodder & Stoughton General Division,English,Green Smoothie: Everyday Green Smoothie For Beginners(10 Day Green Smoothie Cleanse; green smoothies; green smoothies detox; green smoothies recipes; green ... Diet) (healthy food for everyday Book 9),Anna Scott,Nonfiction;Food and Drink;Diets;Food and Drink;Cookbooks;Health,February 22nd 2015,61,BB Link,None,0
273,35656,35656,516,1170,Lady Isabella's Scandalous Marriage,Jennifer Ashley,Historical Romance:Historical Romance,20 Mar 2013,325,Penguin Putnam Inc,English,Lady Isabella's Scandalous Marriage,Jennifer Ashley,Romance;Historical Romance;Romance;Historical;Historical;Historical Fiction,July 6th 2010,316,Berkley Sensation,English,1
444,73118,73118,60,3188,Gone Girl,Gillian Flynn,Contemporary Fiction:Crime:Crime Fiction:Romance:Romance Books,25 Sep 2014,512,Orion Publishing Co,English,Gone Girl,Gillian Flynn,Mystery;Fiction;Mystery;Crime;Contemporary;Thriller,May 24th 2012,444,Orion,English,1
38,4474,4474,774,133,Captive in the Dark : The Dark Duet,Cj Roberts,Erotic Fiction,18 Jun 2013,205,Neurotica Books,English,Captive in the Dark,C.J. Roberts,Dark;Adult Fiction;Erotica;Erotica;Bdsm;Romance;Adult;Contemporary;Sociology;Abuse;New Adult;Romance;Contemporary Romance;Romance;Erotic Romance,July 20th 2011,276,CJ Roberts,,1
389,65193,65193,2161,2783,Always a Scoundrel,Suzanne Enoch,Romance:Romance Books:Historical Romance:Historical Romance,06 Jul 2011,384,HarperCollins Publishers Inc,English,Always a Scoundrel,Suzanne Enoch,Romance;Historical Romance;Romance;Historical;Historical;Regency;Historical Romance;Regency Romance;Historical;Historical Fiction,April 28th 2009,373,Avon,English,1
53,6485,6485,253,191,Devil in Spring,Lisa Kleypas,Historical Romance:Historical Romance,21 Feb 2017,384,AVON BOOKS,English,Scandal in Spring,Lisa Kleypas,Romance;Historical Romance;Romance;Historical;Historical;Historical Fiction;Historical;Regency,July 25th 2006,374,Avon,English,0
420,69580,69580,2361,3017,Just Wicked Enough,Lorraine Heath,Historical Romance:Historical Romance,06 Sep 2007,384,HarperCollins Publishers Inc,English,Passions of a Wicked Earl,Lorraine Heath,Romance;Historical Romance;Romance;Historical;Historical;Regency;Historical;Historical Fiction;Historical Romance;Regency Romance,October 26th 2010,384,Avon,,0
437,71297,71297,3934,3094,Letters To Penthouse Xxxvi : Sultry Passions Sinful Desires,Editors of Penthouse,Erotic Fiction,04 Jan 2010,304,Little Brown & Company,English,Letters to a War Zone,Lucy Felthouse,Romance;M M Romance;Adult Fiction;Erotica;Romance;Contemporary,March 28th 2014,28,Totally Bound,,0
128,16086,16086,201,441,Bloodfever,Karen Marie Moning,Fantasy:Fantasy Books:Romance:Romance Books:Adult & Contemporary Romance:Adult & Contemporary Romance,26 Aug 2008,349,Random House USA Inc,English,Bloodfever,Karen Marie Moning,Fantasy;Urban Fantasy;Fantasy;Fantasy;Paranormal;Romance;Romance;Paranormal Romance;Fairies;Fae,October 16th 2007,303,Delacorte Press,English,1
290,38454,38454,43,1334,Beautiful Disaster,Jamie Mcguire,Contemporary Fiction:Adult & Contemporary Romance:Adult & Contemporary Romance,14 Aug 2012,432,Simon & Schuster Ltd,English,Walking Disaster,Jamie McGuire,Romance;Contemporary;Romance;Contemporary Romance;Young Adult;Academic;College,April 2nd 2013,448,Atria Books,English,0
28,2910,2910,1234,90,Bridget Jones's Diary (Film Tie-in),Helen Fielding,Contemporary Fiction:Adult & Contemporary Romance:Adult & Contemporary Romance:Sci Fi Books for Kids,23 Mar 2001,320,Pan MacMillan,English,Bridget Jones's Diary,Helen Fielding,Womens Fiction;Chick Lit;Fiction;Romance;Humor;Contemporary,June 1st 1999,288,Penguin Books,English,1
183,23631,23631,1089,720,Archangel's Heart : Book 9,Nalini Singh,Fantasy:Fantasy Books:Romance:Romance Books,03 Nov 2016,400,Orion Publishing Co,English,Archangel's Consort,Nalini Singh,Paranormal;Angels;Fantasy;Paranormal;Fantasy;Urban Fantasy;Romance;Paranormal Romance;Romance;Paranormal;Vampires;Fantasy,February 10th 2011,324,Gollancz,,0
370,59145,59145,2496,2434,After We Collided,Anna Todd,Contemporary Fiction:Romance:Romance Books:Adult & Contemporary Romance:Adult & Contemporary Romance,13 Mar 2015,688,SIMON & SCHUSTER,English,After We Fell,Anna Todd,Romance;New Adult;Contemporary,December 30th 2014,848,Gallery Books,English,0
163,21161,21161,2099,622,A Rake's Vow : Number 2 in series,Stephanie Laurens,Historical Romance:Historical Romance,08 Feb 2007,400,Little Brown Book Group,English,A Rake's Vow,Stephanie Laurens,Romance;Historical Romance;Historical;Romance;Historical;Regency;Historical Romance;Regency Romance;Historical;Historical Fiction,October 1st 1998,374,Avon,English,1
151,20024,20024,3458,576,One Dom to Love : The Doms of Her Life - Book 1,Shayla Black:Jenna Jacob:Isabella Lapearl,Contemporary Fiction:Erotic Fiction:Romance:Romance Books:Adult & Contemporary Romance:Adult & Contemporary Romance,24 Dec 2012,236,Shelley Bradley LLC,English,Can't Help Falling in Love,Bella Andre,Romance;Romance;Contemporary Romance;Contemporary,December 2011,200,Bella Andre; via Smashwords,,0
244,33460,33460,197,1095,Archangel's Storm,Nalini Singh,Romance:Romance Books,04 Sep 2012,337,Penguin Putnam Inc,English,Archangel's Blade,Nalini Singh,Fantasy;Paranormal;Romance;Paranormal Romance;Fantasy;Urban Fantasy;Romance;Paranormal;Angels;Fantasy;Paranormal;Vampires,September 6th 2011,310,Berkley Sensation,English,0
202,27141,27141,1801,849,Into the Dreaming (with Bonus Material),Karen Marie Moning,Contemporary Fiction:Science Fiction:Science Fiction:Romance:Romance Books:Adult & Contemporary Romance:Adult & Contemporary Romance:Historical Romance:Historical Romance,24 Apr 2012,272,Random House USA Inc,English,Into the Dreaming,Karen Marie Moning,Romance;Romance;Paranormal Romance;Fantasy;Paranormal;Science Fiction;Time Travel;Romance;Historical Romance;Fantasy,August 29th 2006,112,Jove,English,0
31,2954,2954,2480,92,Natural Born Charmer,Susan Elizabeth Phillips,Contemporary Fiction:Adult & Contemporary Romance:Adult & Contemporary Romance,21 Jul 2009,394,HarperCollins Publishers Inc,English,Natural Born Charmer,Susan Elizabeth Phillips,Romance;Romance;Contemporary Romance;Contemporary;Womens Fiction;Chick Lit;Sports and Games;Sports;Contemporary Romance;Sports Romance,February 6th 2007,400,William Morrow,English,1
32,3113,3113,2242,97,The Stolen Mackenzie Bride,Jennifer Ashley,Contemporary Fiction:Adult & Contemporary Romance:Adult & Contemporary Romance:Historical Romance:Historical Romance,01 Dec 2015,323,Penguin Putnam Inc,English,The Madness of Lord Ian Mackenzie,Jennifer Ashley,Romance;Historical Romance;Romance;Historical;Historical;Historical Fiction;Adult,May 1st 2009,320,Leisure Books,English,0
127,16077,16077,1215,440,Darker After Midnight,Lara Adrian,Fantasy:Fantasy Books:Romance:Romance Books,16 Jan 2012,416,Little Brown Book Group,English,Midnight Awakening,Lara Adrian,Romance;Paranormal Romance;Fantasy;Paranormal;Paranormal;Vampires;Romance,November 27th 2007,369,Dell,English,0
185,23687,23687,2237,724,Frederica,Georgette Heyer:Clifford Norgate,Historical Romance:Historical Romance:Historical Fiction,18 Nov 2014,None,BRILLIANCE AUDIO,English,Frederica,Georgette Heyer,Romance;Historical;Historical Fiction;Romance;Historical Romance;Historical;Historical;Regency;Fiction,August 27th 1992,384,Arrow,English,1
470,78763,78763,596,3445,Beautiful Bombshell,Christina Lauren,Contemporary Fiction:Adult & Contemporary Romance:Adult & Contemporary Romance,09 Dec 2013,160,SIMON & SCHUSTER,English,Beautiful Secret,Christina Lauren,Romance;Romance;Contemporary Romance;Contemporary;New Adult;Adult,April 14th 2015,401,Gallery Books,English,0
449,74157,74157,2280,3233,Hello Stranger,Lisa Kleypas,Historical Romance:Historical Romance,27 Feb 2018,400,Little Brown Book Group,English,When Strangers Marry,Lisa Kleypas,Romance;Historical Romance;Romance;Historical,August 1st 2002,390,Avon,English,0
288,38448,38448,946,1332,Knight's Game,C. C. Gibbs,Erotic Fiction,01 Jul 2013,448,Quercus Publishing,English,Knight's Game,C.C. Gibbs,Romance;Adult Fiction;Erotica;Erotica;Bdsm;Contemporary;Romance;Contemporary Romance,June 20th 2013,364,Quercus,,1
423,69863,69863,495,3031,Someone to Watch over ME,Lisa Kleypas,Romance:Romance Books:Historical Romance:Historical Romance,06 Jul 2011,374,HarperCollins Publishers Inc,English,Someone to Watch Over Me,Lisa Kleypas,Romance;Historical Romance;Romance;Historical;Historical;Historical Fiction;Historical;Regency,May 1st 1999,362,Avon,,1
398,66629,66629,1156,2869,Beautiful Secret,Christina Lauren,Contemporary Fiction:Thriller Books:Thrillers:Adult & Contemporary Romance:Adult & Contemporary Romance,14 Apr 2015,400,SIMON & SCHUSTER,English,Beautiful Torment,Paige Laurens,Romance;New Adult,February 23rd 2015,216,,,0
456,75878,75878,2352,3306,All About Love : Number 6 in series,Stephanie Laurens,Historical Romance:Historical Romance,01 Sep 2007,512,Little Brown Book Group,English,The Fallen Series Trilogy,Lauren Kate,Fantasy;Romance;Paranormal;Angels;Young Adult;Romance;Paranormal Romance,,1320,,,0
147,19592,19592,355,560,Beyond The Highland Mist,Karen Marie Moning,Romance:Romance Books:Historical Romance:Historical Romance,01 Apr 2000,375,Bantam Doubleday Dell Publishing Group Inc,English,The Immortal Highlander,Karen Marie Moning,Romance;Romance;Paranormal Romance;Fantasy;Paranormal;Fantasy;Science Fiction;Time Travel;Romance;Historical Romance,July 26th 2005,348,Dell,English,0
285,38103,38103,1172,1312,Kiss of the Night,Sherrilyn Kenyon,Contemporary Fiction:Romance:Romance Books,30 Apr 2010,384,St Martin's Press,English,Kiss of the Night,Sherrilyn Kenyon,Romance;Paranormal Romance;Fantasy;Paranormal;Romance;Fantasy;Paranormal;Vampires,April 19th 2004,361,St. Martin's Press,English,1
466,76879,76879,3229,3361,Pideme lo que quieras o déjame: SERIE PIDEME LO QUE QUIERAS 3,Megan Maxwell,Erotic Fiction:Romance:Romance Books,01 Jul 2014,416,Booket,Spanish,Pídeme lo que quieras,Megan Maxwell,Romance;Adult Fiction;Erotica;Contemporary;Adult;Womens Fiction;Chick Lit;Romance;Erotic Romance;Erotica;Bdsm;European Literature;Spanish Literature;Did Not Finish;Abandoned,November 8th 2012,464,Esencia,,1
177,22316,22316,496,667,The Mackade Brothers: Devin & Shane : The Heart of Devin Mackade\The Fall of Shane Mackade,Nora Roberts,Adult & Contemporary Romance:Adult & Contemporary Romance:Historical Romance:Historical Romance,31 Dec 2013,457,Silhouette Books,English,The Return of Rafe MacKade,Nora Roberts,Romance;Romance;Contemporary Romance;Contemporary;Fiction,April 1st 1995,251,Silhouette,English,0
99,12698,12698,2515,329,The Darkest Promise,Gena Showalter,Horror:Horror:Romance:Romance Books:Adult & Contemporary Romance:Adult & Contemporary Romance,27 Mar 2018,512,HQN,English,The Darkest Secret,Gena Showalter,Romance;Paranormal Romance;Fantasy;Paranormal;Romance;Paranormal;Demons;Fantasy,March 29th 2011,410,HQN Books,English,0
338,46163,46163,1646,1681,Kiss of Steel,Bec Mcmaster,Contemporary Fiction:Horror:Horror:Romance:Romance Books:Historical Romance:Historical Romance,01 Dec 2012,439,Sourcebooks Inc,English,Kiss of Steel,Bec McMaster,Science Fiction;Steampunk;Romance;Fantasy;Paranormal;Paranormal;Vampires;Fantasy;Romance;Paranormal Romance;Fantasy;Urban Fantasy,September 4th 2012,448,Sourcebooks Casablanca,English,1
448,74048,74048,2222,3231,To Sir Phillip with Love,Julia Quinn,Historical Romance:Historical Romance,31 Jan 2017,400,AVON BOOKS,English,To Sir Phillip; With Love: The Epilogue II,Julia Quinn,Romance;Historical Romance;Romance;Historical;Historical;Regency;Historical;Historical Fiction,September 1st 2009,22,Harper Collins,,0
431,70788,70788,2136,3075,One Night in Scotland,Karen Hawkins,Contemporary Fiction:Romance:Romance Books:Historical Romance:Historical Romance,18 Jan 2011,368,SIMON & SCHUSTER,English,One Night in Scotland,Karen Hawkins,Romance;Historical Romance;Romance;Historical;Cultural;Scotland;Historical;Historical Fiction,November 23rd 2010,335,Pocket Star,English,1
335,46091,46091,3357,1676,Beautiful Bastard. Un tipo odioso: Serie Beautiful Bastard 1,Christina Lauren,Erotic Fiction:Romance:Romance Books,03 Jun 2014,272,DEBOLSILLO,Spanish,Beautiful Broken Rules,Kimberly Lauren,New Adult;Romance;Academic;College;Contemporary;Romance;Contemporary Romance,May 14th 2013,225,,None,0
197,25326,25326,1221,784,Heart of Obsidian,Nalini Singh,Romance:Romance Books:Adult & Contemporary Romance:Adult & Contemporary Romance,26 Nov 2013,371,Jove Books,English,Heart of Obsidian,Nalini Singh,Romance;Paranormal Romance;Fantasy;Paranormal;Romance;Fantasy;Fantasy;Urban Fantasy;Paranormal;Shapeshifters,June 4th 2013,360,Berkley Sensation,,1
243,33426,33426,2309,1093,Untamed Highlander,Donna Grant,Fantasy:Fantasy Books:Historical Romance:Historical Romance,10 May 2011,336,St Martin's Press,English,Sold to the Highest Bidder,Donna Alward,Romance;Romance;Contemporary Romance;Contemporary,February 1st 2011,216,Samhain Publishing,,0
464,76839,76839,1066,3356,Bayou Moon,Ilona Andrews,Fantasy:Fantasy Books:Romance:Romance Books,25 Jul 2011,462,Penguin Putnam Inc,English,Bayou Moon,Ilona Andrews,Fantasy;Urban Fantasy;Fantasy;Romance;Fantasy;Paranormal;Romance;Paranormal Romance;Fantasy;Magic,October 2010,447,Penguin Berkley Ace,English,1
115,15758,15758,1557,430,Slightly Wicked,Mary Balogh,Historical Romance:Historical Romance,29 Apr 2003,342,Bantam Doubleday Dell Publishing Group Inc,English,Slightly Dangerous,Mary Balogh,Romance;Historical Romance;Romance;Historical;Historical;Regency;Historical;Historical Fiction,March 1st 2005,365,Dell,English,0
404,67567,67567,3898,2912,The Madam : Book 2 of the VIP Trilogy,M Robinson,Erotic Fiction,11 Jun 2015,272,Createspace Independent Publishing Platform,English,The Photographer Trilogy Box Set,Sarah  Robinson,Suspense;Romance;Mystery;Thriller;Mystery Thriller,January 1st 2015,999,,None,0
265,34878,34878,2421,1150,Lead,Kylie Scott,Adult & Contemporary Romance:Adult & Contemporary Romance,05 Nov 2015,320,Pan MacMillan,English,Lead,Kylie Scott,Romance;New Adult;Contemporary;Romance;Contemporary Romance;Music,November 25th 2014,305,St. Martin's Griffin,English,1
72,8863,8863,400,248,Highlander Most Wanted,Maya Banks,Erotic Fiction:Romance:Romance Books:Historical Romance:Historical Romance,03 Jun 2013,352,Random House USA Inc,English,Seduction of a Highland Lass,Maya Banks,Romance;Historical Romance;Romance;Historical,September 27th 2011,323,Ballantine Books,English,0
333,46054,46054,2423,1676,Beautiful Boss,Christina Lauren,Contemporary Fiction:Adult & Contemporary Romance:Adult & Contemporary Romance,01 Mar 2016,144,SIMON & SCHUSTER,English,Beautiful Broken Rules,Kimberly Lauren,New Adult;Romance;Academic;College;Contemporary;Romance;Contemporary Romance,May 14th 2013,225,,None,0
25,2841,2841,3869,88,Amante Liberada #9 / Lover Unleashed #9,JR Ward,Horror:Horror:Erotic Fiction:Romance:Romance Books,27 Dec 2016,606,DEBOLSILLO,Spanish,Lover Eternal,J.R. Ward,Fantasy;Paranormal;Romance;Paranormal;Vampires;Romance;Paranormal Romance;Fantasy,March 7th 2006,441,Signet,English,0
165,21339,21339,3380,624,Wicked Intentions,Elizabeth Hoyt,Erotic Fiction:Myth & Legend Told As Fiction:Romance:Romance Books:Adult & Contemporary Romance:Adult & Contemporary Romance:Historical Romance:Historical Romance:Historical Fiction,14 Oct 2014,388,Little Brown & Company,English,Wicked Intentions,Elizabeth Hoyt,Romance;Historical Romance;Romance;Historical;Historical;Historical Fiction,August 1st 2010,382,Grand Central Publishing,English,1
337,46136,46136,1014,1678,On the Edge,Ilona Andrews,Fantasy:Fantasy Books:Romance:Romance Books,22 Jul 2011,326,Penguin Putnam Inc,English,On the Edge,Ilona Andrews,Fantasy;Urban Fantasy;Fantasy;Romance;Fantasy;Paranormal;Romance;Paranormal Romance;Fantasy;Magic,October 2009,309,Ace,English,1
483,80747,80747,1939,3548,Surrender of a Siren,Tessa Dare,Contemporary Fiction:Historical Romance:Historical Romance,25 Aug 2009,393,Random House USA Inc,English,Surrender of a Siren,Tessa Dare,Romance;Historical Romance;Romance;Historical;Historical;Regency;Historical;Historical Fiction;Fiction,August 25th 2009,384,Ballantine Books,English,1
174,22110,22110,1106,658,Ashes of Midnight,Lara Adrian,Fiction Books:Fantasy:Fantasy Books:Romance:Romance Books,07 Dec 2010,353,Random House USA Inc,English,Ashes of Midnight,Lara Adrian,Romance;Paranormal Romance;Fantasy;Paranormal;Paranormal;Vampires;Romance,May 26th 2009,368,Dell,English,1
486,81379,81379,2427,3575,Together : An epic love story with a secret you won't see coming,Julie Cohen,Contemporary Fiction:Adult & Contemporary Romance:Adult & Contemporary Romance,21 Sep 2017,352,Orion Publishing Co,English,Like No Other Lover,Julie Anne Long,Romance;Historical Romance;Romance;Historical;Historical;Regency;Historical;Historical Fiction,October 16th 2008,385,HarperCollins e-books,,0
39,4699,4699,289,137,Secrets of a Summer Night,Lisa Kleypas,Historical Romance:Historical Romance,29 Dec 2015,384,HarperCollins Publishers Inc,English,Secrets of a Summer Night,Lisa Kleypas,Romance;Historical Romance;Romance;Historical;Historical;Historical Fiction;Historical;Regency;Adult,November 28th 2006,384,Avon,English,1
193,25093,25093,2305,778,Tamed By A Highlander : Number 3 in series,Paula Quinn,Contemporary Fiction:Historical Romance:Historical Romance,01 Jul 2011,400,Little Brown & Company,English,The Secret Diaries of Miss Miranda Cheever,Julia Quinn,Romance;Historical Romance;Romance;Historical;Historical;Regency;Historical;Historical Fiction;Fiction,June 26th 2007,373,Avon,English,0
314,43027,43027,3526,1536,Surrender to Me,Shayla Black,Contemporary Fiction:Erotic Fiction:Romance:Romance Books:Adult & Contemporary Romance:Adult & Contemporary Romance,02 Jul 2013,353,Penguin Putnam Inc,English,Surrender to Me,Shayla Black,Erotica;Bdsm;Adult Fiction;Erotica;Romance;Romance;Erotic Romance,March 1st 2011,353,Berkley Trade,English,1
396,66613,66613,578,2869,Beautiful Beginning,Christina Lauren,Contemporary Fiction:Adult & Contemporary Romance:Adult & Contemporary Romance,21 Nov 2013,208,SIMON & SCHUSTER,English,Beautiful Torment,Paige Laurens,Romance;New Adult,February 23rd 2015,216,,,0
88,11342,11342,212,307,The Darkest Secret,Gena Showalter,Romance:Romance Books,29 Mar 2011,416,HarperCollins Publishers,English,The Darkest Whisper,Gena Showalter,Romance;Paranormal Romance;Fantasy;Paranormal;Romance;Paranormal;Demons;Fantasy,September 1st 2009,406,HQN Books,English,0
472,78912,78912,457,3451,Silk Is for Seduction,Loretta Chase,Historical Romance:Historical Romance,28 Jun 2011,371,HarperCollins Publishers Inc,English,Silk Is for Seduction,Loretta Chase,Romance;Romance;Historical Romance;Historical;Historical;Historical Fiction;Historical;Regency,June 28th 2011,371,Avon,English,1
70,8355,8355,1266,234,Bed of Roses,Nora Roberts,Romance:Romance Books,29 May 2012,352,Jove Books,English,Bed of Roses,Nora Roberts,Romance;Romance;Contemporary Romance;Contemporary;Womens Fiction;Chick Lit;Fiction,October 27th 2009,335,Berkley,English,1
87,11125,11125,665,303,Night Pleasures (Dark-Hunter Novels),Sherrilyn Kenyon,Romance:Romance Books:Adult & Contemporary Romance:Adult & Contemporary Romance,30 Apr 2010,324,St Martin's Press,English,Night Pleasures,Sherrilyn Kenyon,Fantasy;Paranormal;Romance;Paranormal Romance;Romance;Fantasy;Paranormal;Vampires;Fantasy;Urban Fantasy,September 15th 2009,320,St. Martin's Press,English,1
292,38463,38463,3005,1334,Beautiful Disaster,Jamie Mcguire,Contemporary Fiction:Romance:Romance Books:Adult & Contemporary Romance:Adult & Contemporary Romance,14 Aug 2012,418,SIMON & SCHUSTER,English,Walking Disaster,Jamie McGuire,Romance;Contemporary;Romance;Contemporary Romance;Young Adult;Academic;College,April 2nd 2013,448,Atria Books,English,0
242,33121,33121,850,1082,Double Time : Sinners on Tour,Olivia Cunning,Contemporary Fiction:Erotic Fiction:Adult & Contemporary Romance:Adult & Contemporary Romance,15 Nov 2012,406,Sourcebooks Inc,English,Double Time,Olivia Cunning,Romance;Adult Fiction;Erotica;Contemporary;Music;Erotica;Menage,November 6th 2012,416,Sourcebooks Casablanca,English,1
277,36079,36079,1381,1188,Born of Fire,Sherrilyn Kenyon,Fantasy:Fantasy Books:Romance:Romance Books,03 Nov 2009,540,St Martin's Press,English,Born of the Night,Sherrilyn Kenyon,Romance;Romance;Paranormal Romance;Science Fiction;Fantasy;Paranormal;Fantasy,,560,iPublish.com,,0
211,29238,29238,603,917,The Darkest Whisper,Gena Showalter,Fantasy:Fantasy Books:Adult & Contemporary Romance:Adult & Contemporary Romance,29 Aug 2009,416,HarperCollins Publishers,English,The Darkest Pleasure,Gena Showalter,Romance;Paranormal Romance;Fantasy;Paranormal;Paranormal;Demons;Fantasy;Romance,July 1st 2008,368,HQN Books,English,0
9,586,586,1170,13,Gone with the Wind,Margaret Mitchell,Contemporary Fiction:Classic Books & Novels:Romance:Romance Books,01 Sep 1936,1037,SIMON & SCHUSTER,English,Gone with the Wind,Margaret Mitchell,Classics;Historical;Historical Fiction;Fiction;Romance;Historical;Literature;War;Military History;Civil War;Romance;Historical Romance;Novels,April 1st 1999,1037,Grand Central Publishing,English,1
359,55072,55072,3424,2221,Yes Ma'am : Erotic Stories of Male Submission,Rachel Kramer Bussel,Erotic Fiction:Short Story Books,06 Mar 2008,208,Cleis Press,English,Possession of My Soul,Kia Carrington-Russell,Fantasy;Romance;Young Adult;Fantasy;Paranormal,May 15th 2014,230,Crystal Publishing,English,0
195,25156,25156,1091,779,Midnight Awakening,Lara Adrian,Fantasy:Fantasy Books:Romance:Romance Books,17 Feb 2009,369,Random House USA Inc,English,Deeper Than Midnight,Lara Adrian,Romance;Paranormal Romance;Fantasy;Paranormal;Paranormal;Vampires;Romance,June 28th 2011,387,Dell,English,0
251,33814,33814,399,1103,Kiss Of The Highlander,Karen Marie Moning,Romance:Romance Books:Historical Romance:Historical Romance,02 Nov 2001,396,Bantam Doubleday Dell Publishing Group Inc,English,The Highlander's Touch,Karen Marie Moning,Romance;Science Fiction;Time Travel;Romance;Paranormal Romance;Romance;Historical Romance;Fantasy;Paranormal;Fantasy;Historical,May 29th 2007,356,Dell Publishing Company,English,0
323,45267,45267,1538,1638,Slightly Sinful,Mary Balogh,Historical Romance:Historical Romance,02 Jul 2004,342,Random House USA Inc,English,Slightly Tempted,Mary Balogh,Romance;Romance;Historical Romance;Historical;Historical;Regency;Historical;Historical Fiction;Historical Romance;Regency Romance,January 2004,356,Dell Bantam Random House,English,0
192,24911,24911,2952,766,Rock Chick Rescue,Kristen Ashley,Contemporary Fiction:Adventure Books:Romance:Romance Books:Adult & Contemporary Romance:Adult & Contemporary Romance,10 Jun 2013,389,Kristen Ashley,English,Rock with Me,Kristen Proby,Romance;Romance;Contemporary Romance;Contemporary;New Adult,May 1st 2013,196,Kristen Publishing,,0
117,15820,15820,197,432,Archangel's Storm,Nalini Singh,Romance:Romance Books,04 Sep 2012,337,Penguin Putnam Inc,English,Angels' Blood,Nalini Singh,Fantasy;Paranormal;Fantasy;Urban Fantasy;Romance;Paranormal Romance;Romance;Paranormal;Angels;Fantasy;Paranormal;Vampires,March 3rd 2009,339,Berkley Sensation,,0
47,5693,5693,642,161,Tangled,Emma Chase,Contemporary Fiction:Erotic Fiction:Adult & Contemporary Romance:Adult & Contemporary Romance,16 Jan 2014,256,SIMON & SCHUSTER,English,Tangled,Emma Chase,Romance;Contemporary;Romance;Contemporary Romance;New Adult;Humor;Funny;Adult,August 2nd 2013,254,Gallery Books,,1
172,22108,22108,1091,658,Midnight Awakening,Lara Adrian,Fantasy:Fantasy Books:Romance:Romance Books,17 Feb 2009,369,Random House USA Inc,English,Ashes of Midnight,Lara Adrian,Romance;Paranormal Romance;Fantasy;Paranormal;Paranormal;Vampires;Romance,May 26th 2009,368,Dell,English,0
